t,throttle,altitude_m,airspeed_mps,t_ambient_c,rpm,cht_1,cht_2,cht_3,cht_4,egt_1,egt_2,egt_3,egt_4,oil_temp_c,oil_pressure_bar,ratio_lube,fuel_flow_kg_s,alternator_v,vib_rms_g
0.0,0.15,0.0,15.0,15.0,1400.0,55.0,55.0,55.0,55.0,842.5,842.5,842.5,842.5,35.0,3.86,2929598.877,0.00018,14.2,0.099
1.0,0.15,20.0,15.2,14.9,1429.0,54.5,54.5,54.5,54.5,842.4,842.4,842.4,842.4,35.0,3.94,2990324.494,0.00019,14.2,0.099
2.0,0.15,40.0,15.3,14.7,1455.7,54.0,54.0,54.0,54.0,842.3,842.3,842.3,842.3,35.0,4.01,3046209.94,0.00019,14.2,0.099
3.0,0.15,60.0,15.5,14.6,1480.3,53.6,53.6,53.6,53.6,842.2,842.2,842.2,842.2,35.0,4.08,3097541.958,0.00019,14.2,0.099
4.0,0.15,80.0,15.7,14.5,1502.7,53.1,53.1,53.1,53.1,842.0,842.0,842.0,842.0,35.0,4.15,3144602.916,0.0002,14.2,0.099
5.0,0.15,100.0,15.8,14.4,1523.3,52.6,52.6,52.6,52.6,841.9,841.9,841.9,841.9,35.0,4.2,3187668.427,0.0002,14.2,0.099
6.0,0.15,120.0,16.0,14.2,1542.1,52.2,52.2,52.2,52.2,841.8,841.8,841.8,841.8,35.0,4.25,3227005.463,0.0002,14.2,0.099
7.0,0.15,140.0,16.2,14.1,1559.3,51.7,51.7,51.7,51.7,841.6,841.6,841.6,841.6,35.0,4.3,3262870.911,0.0002,14.2,0.099
8.0,0.15,160.0,16.3,14.0,1574.9,51.3,51.3,51.3,51.3,841.5,841.5,841.5,841.5,35.0,4.34,3295510.52,0.0002,14.2,0.099
9.0,0.15,180.0,16.5,13.8,1589.0,50.8,50.8,50.8,50.8,841.4,841.4,841.4,841.4,35.0,4.38,3325158.178,0.0002,14.2,0.099
10.0,0.15,200.0,16.7,13.7,1601.9,50.4,50.4,50.4,50.4,841.2,841.2,841.2,841.2,35.0,4.42,3352035.476,0.00021,14.2,0.099
11.0,0.15,220.0,16.8,13.6,1613.5,49.9,49.9,49.9,49.9,841.1,841.1,841.1,841.1,35.0,4.45,3376351.511,0.00021,14.2,0.099
12.0,0.15,240.0,17.0,13.4,1624.0,49.5,49.5,49.5,49.5,841.0,841.0,841.0,841.0,35.0,4.48,3398302.881,0.00021,14.2,0.099
13.0,0.15,260.0,17.2,13.3,1633.4,49.1,49.1,49.1,49.1,840.9,840.9,840.9,840.9,35.0,4.5,3418073.845,0.00021,14.2,0.099
14.0,0.15,280.0,17.3,13.2,1641.9,48.6,48.6,48.6,48.6,840.7,840.7,840.7,840.7,35.0,4.53,3435836.597,0.00021,14.2,0.099
15.0,0.15,300.0,17.5,13.1,1649.5,48.2,48.2,48.2,48.2,840.6,840.6,840.6,840.6,35.0,4.55,3451751.649,0.00021,14.2,0.099
16.0,0.15,320.0,17.7,12.9,1656.3,47.8,47.8,47.8,47.8,840.5,840.5,840.5,840.5,35.0,4.56,3465968.277,0.00021,14.2,0.099
17.0,0.15,340.0,17.8,12.8,1662.4,47.4,47.4,47.4,47.4,840.3,840.3,840.3,840.3,35.0,4.58,3478625.023,0.00021,14.2,0.099
18.0,0.15,360.0,18.0,12.7,1667.7,46.9,46.9,46.9,46.9,840.2,840.2,840.2,840.2,35.0,4.6,3489850.225,0.00021,14.2,0.099
19.0,0.15,380.0,18.2,12.5,1672.5,46.5,46.5,46.5,46.5,840.1,840.1,840.1,840.1,35.0,4.61,3499762.574,0.00021,14.2,0.099
20.0,0.15,400.0,18.3,12.4,1676.6,46.1,46.1,46.1,46.1,839.9,839.9,839.9,839.9,35.0,4.62,3508471.673,0.00021,14.2,0.099
21.0,0.15,420.0,18.5,12.3,1680.3,45.7,45.7,45.7,45.7,839.8,839.8,839.8,839.8,35.0,4.63,3516078.596,0.00021,14.2,0.099
22.0,0.15,440.0,18.7,12.1,1683.4,45.3,45.3,45.3,45.3,839.7,839.7,839.7,839.7,35.0,4.64,3522676.441,0.00021,14.2,0.099
23.0,0.15,460.0,18.8,12.0,1686.1,44.9,44.9,44.9,44.9,839.6,839.6,839.6,839.6,35.0,4.65,3528350.861,0.00021,14.2,0.099
24.0,0.15,480.0,19.0,11.9,1688.4,44.5,44.5,44.5,44.5,839.4,839.4,839.4,839.4,35.0,4.66,3533180.589,0.00021,14.2,0.099
25.0,0.15,500.0,19.2,11.8,1690.4,44.1,44.1,44.1,44.1,839.3,839.3,839.3,839.3,35.0,4.66,3537237.927,0.00021,14.2,0.099
26.0,0.15,520.0,19.3,11.6,1692.0,43.7,43.7,43.7,43.7,839.2,839.2,839.2,839.2,35.0,4.67,3540589.223,0.00021,14.2,0.099
27.0,0.15,540.0,19.5,11.5,1693.3,43.3,43.3,43.3,43.3,839.0,839.0,839.0,839.0,35.0,4.68,3543295.314,0.00021,14.2,0.099
28.0,0.15,560.0,19.7,11.4,1694.3,42.9,42.9,42.9,42.9,838.9,838.9,838.9,838.9,34.9,4.68,3545411.955,0.00021,14.2,0.099
29.0,0.15,580.0,19.8,11.2,1695.0,42.5,42.5,42.5,42.5,838.8,838.8,838.8,838.8,34.9,4.69,3546990.205,0.00021,14.2,0.099
30.0,0.15,600.0,20.0,11.1,1695.5,42.2,42.2,42.2,42.2,838.6,838.6,838.6,838.6,34.9,4.69,3548037.955,0.00021,14.2,0.099
31.0,0.159,620.0,20.2,11.0,1697.3,41.8,41.8,41.8,41.8,839.2,839.2,839.2,839.2,34.9,4.7,3551696.935,0.00022,14.2,0.099
32.0,0.169,640.0,20.3,10.8,1701.6,41.4,41.4,41.4,41.4,839.7,839.7,839.7,839.7,34.9,4.71,3560778.603,0.00022,14.2,0.099
33.0,0.178,660.0,20.5,10.7,1708.4,41.1,41.1,41.1,41.1,840.2,840.2,840.2,840.2,34.9,4.74,3574853.417,0.00023,14.2,0.099
34.0,0.188,680.0,20.7,10.6,1717.3,40.7,40.7,40.7,40.7,840.7,840.7,840.7,840.7,34.9,4.76,3593557.482,0.00024,14.2,0.099
35.0,0.197,700.0,20.8,10.4,1728.3,40.4,40.4,40.4,40.4,841.2,841.2,841.2,841.2,34.8,4.8,3616552.889,0.00025,14.2,0.099
36.0,0.207,720.0,21.0,10.3,1741.2,40.1,40.1,40.1,40.1,841.7,841.7,841.7,841.7,34.8,4.84,3643524.658,0.00025,14.2,0.099
37.0,0.216,740.0,21.2,10.2,1755.8,39.7,39.7,39.7,39.7,842.2,842.2,842.2,842.2,34.8,4.88,3674178.212,0.00026,14.2,0.099
38.0,0.226,760.0,21.3,10.1,1772.1,39.4,39.4,39.4,39.4,842.7,842.7,842.7,842.7,34.8,4.93,3708237.306,0.00027,14.2,0.099
39.0,0.235,780.0,21.5,9.9,1789.9,39.2,39.2,39.2,39.2,843.2,843.2,843.2,843.2,34.8,4.98,3745442.308,0.00028,14.2,0.099
40.0,0.244,800.0,21.7,9.8,1809.0,38.9,38.9,38.9,38.9,843.7,843.7,843.7,843.7,34.8,5.03,3785548.791,0.00029,14.2,0.099
41.0,0.254,820.0,21.8,9.7,1829.5,38.6,38.6,38.6,38.6,844.2,844.2,844.2,844.2,34.8,5.09,3828326.37,0.0003,14.2,0.099
42.0,0.263,840.0,22.0,9.5,1851.1,38.4,38.4,38.4,38.4,844.7,844.7,844.7,844.7,34.8,5.15,3873557.739,0.00032,14.2,0.099
43.0,0.273,860.0,22.2,9.4,1873.8,38.1,38.1,38.1,38.1,845.2,845.2,845.2,845.2,34.8,5.22,3921037.875,0.00033,14.2,0.099
44.0,0.282,880.0,22.3,9.3,1897.5,37.9,37.9,37.9,37.9,845.6,845.6,845.6,845.6,34.8,5.28,3970573.372,0.00034,14.2,0.099
45.0,0.292,900.0,22.5,9.1,1922.0,37.7,37.7,37.7,37.7,846.1,846.1,846.1,846.1,34.8,5.35,4021981.874,0.00035,14.2,0.099
46.0,0.301,920.0,22.7,9.0,1947.4,37.5,37.5,37.5,37.5,846.6,846.6,846.6,846.6,34.8,5.41,4075091.597,0.00037,14.2,0.099
47.0,0.311,940.0,22.8,8.9,1973.5,37.3,37.3,37.3,37.3,847.1,847.1,847.1,847.1,34.8,5.48,4129740.905,0.00038,14.2,0.099
48.0,0.32,960.0,23.0,8.8,2000.3,37.1,37.1,37.1,37.1,847.5,847.5,847.5,847.5,34.8,5.5,4145612.602,0.00039,14.2,0.099
49.0,0.329,980.0,23.2,8.6,2027.7,37.0,37.0,37.0,37.0,848.0,848.0,848.0,848.0,34.9,5.5,4149899.513,0.00041,14.2,0.099
50.0,0.339,1000.0,23.3,8.5,2055.6,36.8,36.8,36.8,36.8,848.5,848.5,848.5,848.5,34.9,5.5,4154947.796,0.00042,14.2,0.099
51.0,0.348,1020.0,23.5,8.4,2084.0,36.7,36.7,36.7,36.7,848.9,848.9,848.9,848.9,34.9,5.5,4160781.805,0.00044,14.2,0.099
52.0,0.358,1040.0,23.7,8.2,2112.8,36.6,36.6,36.6,36.6,849.4,849.4,849.4,849.4,35.0,5.5,4167424.605,0.00045,14.2,0.099
53.0,0.367,1060.0,23.8,8.1,2141.9,36.4,36.4,36.4,36.4,849.8,849.8,849.8,849.8,35.0,5.5,4174898.066,0.00047,14.2,0.099
54.0,0.377,1080.0,24.0,8.0,2171.4,36.4,36.4,36.4,36.4,850.3,850.3,850.3,850.3,35.0,5.5,4183222.957,0.00049,14.2,0.099
55.0,0.386,1100.0,24.2,7.9,2201.1,36.3,36.3,36.3,36.3,850.7,850.7,850.7,850.7,35.1,5.5,4192419.03,0.0005,14.2,0.099
56.0,0.396,1120.0,24.3,7.7,2231.1,36.2,36.2,36.2,36.2,851.2,851.2,851.2,851.2,35.1,5.5,4202505.112,0.00052,14.2,0.099
57.0,0.405,1140.0,24.5,7.6,2261.3,36.2,36.2,36.2,36.2,851.6,851.6,851.6,851.6,35.2,5.5,4213499.188,0.00054,14.2,0.099
58.0,0.414,1160.0,24.7,7.5,2291.6,36.1,36.1,36.1,36.1,852.1,852.1,852.1,852.1,35.2,5.5,4225418.479,0.00056,14.2,0.099
59.0,0.424,1180.0,24.8,7.3,2322.1,36.1,36.1,36.1,36.1,852.5,852.5,852.5,852.5,35.3,5.5,4238279.527,0.00058,14.2,0.099
60.0,0.433,1200.0,25.0,7.2,2352.7,36.1,36.1,36.1,36.1,852.9,852.9,852.9,852.9,35.4,5.5,4252098.27,0.00059,14.2,0.099
61.0,0.443,1220.0,25.2,7.1,2383.3,36.1,36.1,36.1,36.1,853.3,853.3,853.3,853.3,35.4,5.5,4266890.113,0.00061,14.2,0.099
62.0,0.452,1240.0,25.3,6.9,2414.0,36.1,36.1,36.1,36.1,853.8,853.8,853.8,853.8,35.5,5.5,4282670.004,0.00063,14.2,0.099
63.0,0.462,1260.0,25.5,6.8,2444.7,36.2,36.2,36.2,36.2,854.2,854.2,854.2,854.2,35.6,5.5,4299452.5,0.00065,14.2,0.099
64.0,0.471,1280.0,25.7,6.7,2475.5,36.2,36.2,36.2,36.2,854.6,854.6,854.6,854.6,35.7,5.5,4317251.833,0.00067,14.2,0.099
65.0,0.481,1300.0,25.8,6.6,2506.2,36.3,36.3,36.3,36.3,855.0,855.0,855.0,855.0,35.8,5.5,4336081.972,0.0007,14.2,0.099
66.0,0.49,1320.0,26.0,6.4,2536.9,36.4,36.4,36.4,36.4,855.4,855.4,855.4,855.4,35.9,5.5,4355956.686,0.00072,14.2,0.099
67.0,0.499,1340.0,26.2,6.3,2567.6,36.5,36.5,36.5,36.5,855.8,855.8,855.8,855.8,36.0,5.5,4376889.595,0.00074,14.2,0.099
68.0,0.509,1360.0,26.3,6.2,2598.2,36.6,36.6,36.6,36.6,856.2,856.2,856.2,856.2,36.1,5.5,4398894.229,0.00076,14.2,0.099
69.0,0.518,1380.0,26.5,6.0,2628.8,36.7,36.7,36.7,36.7,856.6,856.6,856.6,856.6,36.2,5.5,4421984.074,0.00078,14.2,0.099
70.0,0.528,1400.0,26.7,5.9,2659.4,36.8,36.8,36.8,36.8,857.0,857.0,857.0,857.0,36.3,5.5,4446172.624,0.00081,14.2,0.099
71.0,0.537,1420.0,26.8,5.8,2689.8,37.0,37.0,37.0,37.0,857.4,857.4,857.4,857.4,36.4,5.5,4471473.42,0.00083,14.2,0.099
72.0,0.547,1440.0,27.0,5.6,2720.2,37.2,37.2,37.2,37.2,857.8,857.8,857.8,857.8,36.5,5.5,4497900.097,0.00085,14.2,0.099
73.0,0.556,1460.0,27.2,5.5,2750.5,37.3,37.3,37.3,37.3,858.2,858.2,858.2,858.2,36.7,5.5,4525466.416,0.00088,14.2,0.099
74.0,0.566,1480.0,27.3,5.4,2780.7,37.5,37.5,37.5,37.5,858.6,858.6,858.6,858.6,36.8,5.5,4554186.307,0.0009,14.2,0.099
75.0,0.575,1500.0,27.5,5.2,2810.9,37.8,37.8,37.8,37.8,859.0,859.0,859.0,859.0,37.0,5.5,4584073.897,0.00093,14.2,0.099
76.0,0.584,1520.0,27.7,5.1,2840.9,38.0,38.0,38.0,38.0,859.3,859.3,859.3,859.3,37.1,5.5,4615143.54,0.00095,14.2,0.099
77.0,0.594,1540.0,27.8,5.0,2870.9,38.2,38.2,38.2,38.2,859.7,859.7,859.7,859.7,37.2,5.5,4647409.849,0.00098,14.2,0.099
78.0,0.603,1560.0,28.0,4.9,2900.8,38.5,38.5,38.5,38.5,860.5,860.5,860.5,860.5,37.4,5.5,4680887.874,0.00101,14.2,0.099
79.0,0.613,1580.0,28.2,4.7,2930.9,38.8,38.8,38.8,38.8,861.9,861.9,861.9,861.9,37.6,5.5,4715602.526,0.00104,14.2,0.099
80.0,0.622,1600.0,28.3,4.6,2961.4,39.1,39.1,39.1,39.1,863.3,863.3,863.3,863.3,37.7,5.5,4751591.913,0.00107,14.2,0.099
81.0,0.632,1620.0,28.5,4.5,2992.1,39.4,39.4,39.4,39.4,864.7,864.7,864.7,864.7,37.9,5.5,4788894.15,0.0011,14.2,0.099
82.0,0.641,1640.0,28.7,4.3,3023.8,39.7,39.7,39.7,39.7,866.0,866.0,866.0,866.0,38.1,5.5,4827628.674,0.00113,14.2,0.099
83.0,0.651,1660.0,28.8,4.2,3057.9,40.0,40.0,40.0,40.0,867.3,867.3,867.3,867.3,38.2,5.5,4868116.791,0.00118,14.2,0.099
84.0,0.66,1680.0,29.0,4.1,3094.3,40.4,40.4,40.4,40.4,868.5,868.5,868.5,868.5,38.4,5.5,4910563.684,0.00122,14.2,0.099
85.0,0.669,1700.0,29.2,3.9,3133.0,40.8,40.8,40.8,40.8,869.7,869.7,869.7,869.7,38.6,5.5,4955166.451,0.00127,14.2,0.099
86.0,0.679,1720.0,29.3,3.8,3173.7,41.3,41.3,41.3,41.3,870.9,870.9,870.9,870.9,38.8,5.5,5002122.343,0.00132,14.2,0.099
87.0,0.688,1740.0,29.5,3.7,3216.4,41.8,41.8,41.8,41.8,872.0,872.0,872.0,872.0,39.0,5.5,5051629.025,0.00138,14.2,0.099
88.0,0.698,1760.0,29.7,3.6,3260.9,42.3,42.3,42.3,42.3,873.1,873.1,873.1,873.1,39.3,5.5,5103884.748,0.00144,14.2,0.099
89.0,0.707,1780.0,29.8,3.4,3307.1,42.9,42.9,42.9,42.9,874.1,874.1,874.1,874.1,39.5,5.5,5159088.456,0.0015,14.2,0.099
90.0,0.717,1800.0,30.0,3.3,3354.8,43.5,43.5,43.5,43.5,875.1,875.1,875.1,875.1,39.8,5.5,5217439.827,0.00156,14.2,0.099
91.0,0.726,1820.0,30.2,3.2,3403.9,44.2,44.2,44.2,44.2,876.1,876.1,876.1,876.1,40.0,5.5,5279139.26,0.00163,14.2,0.099
92.0,0.736,1840.0,30.3,3.0,3454.2,44.9,44.9,44.9,44.9,877.0,877.0,877.0,877.0,40.3,5.5,5344387.816,0.00169,14.2,0.099
93.0,0.745,1860.0,30.5,2.9,3505.7,45.6,45.6,45.6,45.6,877.9,877.9,877.9,877.9,40.6,5.5,5413387.107,0.00177,14.2,0.099
94.0,0.754,1880.0,30.7,2.8,3558.1,46.4,46.4,46.4,46.4,878.7,878.7,878.7,878.7,40.9,5.5,5486339.149,0.00184,14.2,0.099
95.0,0.764,1900.0,30.8,2.6,3611.5,47.2,47.2,47.2,47.2,879.5,879.5,879.5,879.5,41.2,5.5,5563446.172,0.00192,14.2,0.099
96.0,0.773,1920.0,31.0,2.5,3665.5,48.1,48.1,48.1,48.1,880.3,880.3,880.3,880.3,41.5,5.5,5644910.402,0.002,14.2,0.099
97.0,0.783,1940.0,31.2,2.4,3720.2,49.1,49.1,49.1,49.1,881.0,881.0,881.0,881.0,41.9,5.5,5730933.81,0.00208,14.2,0.099
98.0,0.792,1960.0,31.3,2.3,3775.4,50.0,50.0,50.0,50.0,881.8,881.8,881.8,881.8,42.2,5.5,5821717.836,0.00216,14.2,0.099
99.0,0.802,1980.0,31.5,2.1,3830.9,51.1,51.1,51.1,51.1,882.4,882.4,882.4,882.4,42.6,5.5,5917463.083,0.00225,14.2,0.099
100.0,0.811,2000.0,31.7,2.0,3886.7,52.1,52.1,52.1,52.1,883.1,883.1,883.1,883.1,43.0,5.5,6018368.997,0.00234,14.2,0.099
101.0,0.821,2020.0,31.8,1.9,3942.7,53.3,53.3,53.3,53.3,883.7,883.7,883.7,883.7,43.4,5.5,6124633.517,0.00243,14.2,0.099
102.0,0.83,2040.0,32.0,1.7,3998.6,54.5,54.5,54.5,54.5,884.2,884.2,884.2,884.2,43.8,5.5,6236452.714,0.00252,14.2,0.099
103.0,0.839,2060.0,32.2,1.6,4054.6,55.7,55.7,55.7,55.7,884.8,884.8,884.8,884.8,44.3,5.5,6354020.405,0.00262,14.2,0.099
104.0,0.849,2080.0,32.3,1.5,4110.4,57.0,57.0,57.0,57.0,885.3,885.3,885.3,885.3,44.7,5.5,6477527.755,0.00271,14.2,0.099
105.0,0.858,2100.0,32.5,1.4,4165.9,58.3,58.3,58.3,58.3,885.8,885.8,885.8,885.8,45.2,5.5,6607162.856,0.00281,14.2,0.099
106.0,0.868,2120.0,32.7,1.2,4221.2,59.7,59.7,59.7,59.7,886.3,886.3,886.3,886.3,45.7,5.5,6743110.297,0.00291,14.2,0.099
107.0,0.877,2140.0,32.8,1.1,4276.0,61.1,61.1,61.1,61.1,886.7,886.7,886.7,886.7,46.2,5.5,6885550.709,0.00301,14.2,0.099
108.0,0.887,2160.0,33.0,1.0,4330.4,62.5,62.5,62.5,62.5,887.2,887.2,887.2,887.2,46.7,5.5,7034660.298,0.00311,14.2,0.099
109.0,0.896,2180.0,33.2,0.8,4384.3,64.0,64.0,64.0,64.0,887.6,887.6,887.6,887.6,47.3,5.5,7190610.359,0.00322,14.2,0.099
110.0,0.906,2200.0,33.3,0.7,4437.6,65.6,65.6,65.6,65.6,888.0,888.0,888.0,888.0,47.8,5.5,7353566.775,0.00332,14.2,0.099
111.0,0.915,2220.0,33.5,0.6,4490.2,67.2,67.2,67.2,67.2,888.4,888.4,888.4,888.4,48.4,5.5,7523689.495,0.00342,14.2,0.099
112.0,0.924,2240.0,33.7,0.4,4542.1,68.8,68.8,68.8,68.8,888.8,888.8,888.8,888.8,49.0,5.5,7701132.001,0.00353,14.2,0.099
113.0,0.934,2260.0,33.8,0.3,4593.3,70.4,70.4,70.4,70.4,889.2,889.2,889.2,889.2,49.6,5.5,7886040.751,0.00363,14.2,0.099
114.0,0.943,2280.0,34.0,0.2,4643.8,72.1,72.1,72.1,72.1,889.7,889.7,889.7,889.7,50.2,5.5,8078554.611,0.00374,14.2,0.099
115.0,0.953,2300.0,34.2,0.1,4693.4,73.8,73.8,73.8,73.8,890.1,890.1,890.1,890.1,50.8,5.5,8278804.274,0.00385,14.2,0.099
116.0,0.962,2320.0,34.3,-0.1,4742.2,75.6,75.6,75.6,75.6,890.5,890.5,890.5,890.5,51.5,5.5,8486911.661,0.00395,14.2,0.099
117.0,0.972,2340.0,34.5,-0.2,4790.1,77.4,77.4,77.4,77.4,890.9,890.9,890.9,890.9,52.1,5.5,8702989.312,0.00406,14.2,0.099
118.0,0.981,2360.0,34.7,-0.3,4837.2,79.2,79.2,79.2,79.2,891.4,891.4,891.4,891.4,52.8,5.5,8927139.77,0.00416,14.2,0.099
119.0,0.991,2380.0,34.8,-0.5,4883.3,81.0,81.0,81.0,81.0,891.8,891.8,891.8,891.8,53.5,5.5,9159454.953,0.00427,14.2,0.099
120.0,1.0,2400.0,35.0,-0.6,4928.6,82.8,82.8,82.8,82.8,892.2,892.2,892.2,892.2,54.2,5.5,9400017.957,0.00437,14.2,0.099
121.0,1.0,2420.0,35.2,-0.7,4969.2,84.7,84.7,84.7,84.7,892.0,892.0,892.0,892.0,54.9,5.5,9648529.055,0.00442,14.2,0.099
122.0,1.0,2440.0,35.3,-0.9,5002.3,86.5,86.5,86.5,86.5,891.9,891.9,891.9,891.9,55.6,5.5,9903837.179,0.00446,14.2,0.099
123.0,1.0,2460.0,35.5,-1.0,5027.7,88.2,88.2,88.2,88.2,891.8,891.8,891.8,891.8,56.3,5.5,10164494.646,0.00448,14.2,0.099
124.0,1.0,2480.0,35.7,-1.1,5046.1,89.8,89.8,89.8,89.8,891.7,891.7,891.7,891.7,57.1,5.5,10429062.432,0.00448,14.2,0.099
125.0,1.0,2500.0,35.8,-1.2,5059.0,91.3,91.3,91.3,91.3,891.5,891.5,891.5,891.5,57.8,5.44,10586280.04,0.00449,14.2,0.099
126.0,1.0,2520.0,36.0,-1.4,5067.7,92.8,92.8,92.8,92.8,891.4,891.4,891.4,891.4,58.5,5.32,10604556.739,0.00448,14.2,0.099
127.0,1.0,2540.0,36.2,-1.5,5073.2,94.2,94.2,94.2,94.2,891.3,891.3,891.3,891.3,59.2,5.2,10616064.048,0.00448,14.2,0.099
128.0,1.0,2560.0,36.3,-1.6,5076.2,95.5,95.5,95.5,95.5,891.1,891.1,891.1,891.1,59.9,5.08,10622357.877,0.00447,14.2,0.099
129.0,1.0,2580.0,36.5,-1.8,5077.3,96.7,96.7,96.7,96.7,891.0,891.0,891.0,891.0,60.6,4.96,10624639.675,0.00447,14.2,0.099
130.0,1.0,2600.0,36.7,-1.9,5076.9,97.8,97.8,97.8,97.8,890.9,890.9,890.9,890.9,61.3,4.85,10623835.819,0.00446,14.2,0.099
131.0,1.0,2620.0,36.8,-2.0,5075.4,98.8,98.8,98.8,98.8,890.7,890.7,890.7,890.7,61.9,4.74,10620659.826,0.00445,14.2,0.099
132.0,1.0,2640.0,37.0,-2.2,5073.0,99.8,99.8,99.8,99.8,890.6,890.6,890.6,890.6,62.6,4.64,10615660.85,0.00443,14.2,0.099
133.0,1.0,2660.0,37.2,-2.3,5070.0,100.7,100.7,100.7,100.7,890.5,890.5,890.5,890.5,63.2,4.54,10609261.327,0.00442,14.2,0.099
134.0,1.0,2680.0,37.3,-2.4,5066.4,101.6,101.6,101.6,101.6,890.4,890.4,890.4,890.4,63.8,4.44,10601786.102,0.00441,14.2,0.099
135.0,1.0,2700.0,37.5,-2.6,5062.4,102.3,102.3,102.3,102.3,890.2,890.2,890.2,890.2,64.5,4.35,10593484.927,0.0044,14.2,0.099
136.0,1.0,2720.0,37.7,-2.7,5058.2,103.1,103.1,103.1,103.1,890.1,890.1,890.1,890.1,65.1,4.26,10584549.803,0.00439,14.2,0.099
137.0,1.0,2740.0,37.8,-2.8,5053.7,103.7,103.7,103.7,103.7,890.0,890.0,890.0,890.0,65.7,4.18,10575128.331,0.00437,14.2,0.099
138.0,1.0,2760.0,38.0,-2.9,5049.0,104.3,104.3,104.3,104.3,889.8,889.8,889.8,889.8,66.2,4.1,10565333.99,0.00436,14.2,0.099
139.0,1.0,2780.0,38.2,-3.1,5044.2,104.8,104.8,104.8,104.8,889.7,889.7,889.7,889.7,66.8,4.02,10555254.027,0.00435,14.2,0.099
140.0,1.0,2800.0,38.3,-3.2,5039.2,105.3,105.3,105.3,105.3,889.6,889.6,889.6,889.6,67.4,3.95,10544955.539,0.00433,14.2,0.099
141.0,1.0,2820.0,38.5,-3.3,5034.2,105.8,105.8,105.8,105.8,889.4,889.4,889.4,889.4,67.9,3.88,10534490.129,0.00432,14.2,0.099
142.0,1.0,2840.0,38.7,-3.5,5029.2,106.1,106.1,106.1,106.1,889.3,889.3,889.3,889.3,68.5,3.81,10523897.492,0.00431,14.2,0.099
143.0,1.0,2860.0,38.8,-3.6,5024.1,106.5,106.5,106.5,106.5,889.2,889.2,889.2,889.2,69.0,3.75,10513208.174,0.00429,14.2,0.099
144.0,1.0,2880.0,39.0,-3.7,5018.9,106.8,106.8,106.8,106.8,889.1,889.1,889.1,889.1,69.5,3.69,10502445.681,0.00428,14.2,0.099
145.0,1.0,2900.0,39.2,-3.9,5013.8,107.0,107.0,107.0,107.0,888.9,888.9,888.9,888.9,70.0,3.63,10491628.107,0.00427,14.2,0.099
146.0,1.0,2920.0,39.3,-4.0,5008.6,107.2,107.2,107.2,107.2,888.8,888.8,888.8,888.8,70.5,3.57,10480769.383,0.00425,14.2,0.099
147.0,1.0,2940.0,39.5,-4.1,5003.4,107.4,107.4,107.4,107.4,888.7,888.7,888.7,888.7,71.0,3.52,10469880.241,0.00424,14.2,0.099
148.0,1.0,2960.0,39.7,-4.2,4998.1,107.5,107.5,107.5,107.5,888.5,888.5,888.5,888.5,71.4,3.46,10458909.964,0.00423,14.2,0.099
149.0,1.0,2980.0,39.8,-4.4,4992.5,107.6,107.6,107.6,107.6,888.4,888.4,888.4,888.4,71.9,3.41,10447244.973,0.00421,14.2,0.099
150.0,0.65,3000.0,40.0,-4.5,4936.0,107.3,107.3,107.3,107.3,858.5,858.5,858.5,858.5,72.3,3.33,10328836.423,0.00249,14.2,0.099
151.0,0.65,3000.0,40.0,-4.5,4694.0,105.2,105.2,105.2,105.2,858.5,858.5,858.5,858.5,72.6,3.14,9822558.325,0.00226,14.2,0.099
152.0,0.65,3000.0,40.0,-4.5,4493.9,103.1,103.1,103.1,103.1,858.5,858.5,858.5,858.5,72.8,2.99,9403802.933,0.00209,14.2,0.099
153.0,0.65,3000.0,40.0,-4.5,4323.9,101.1,101.1,101.1,101.1,858.5,858.5,858.5,858.5,72.9,2.87,9048052.612,0.00194,14.2,0.099
154.0,0.65,3000.0,40.0,-4.5,4178.2,99.0,99.0,99.0,99.0,858.5,858.5,858.5,858.5,73.0,2.77,8743197.475,0.00182,14.2,0.099
155.0,0.65,3000.0,40.0,-4.5,4052.4,97.0,97.0,97.0,97.0,858.5,858.5,858.5,858.5,73.0,2.68,8480010.337,0.00172,14.2,0.099
156.0,0.65,3000.0,40.0,-4.5,3943.2,95.0,95.0,95.0,95.0,858.5,858.5,858.5,858.5,72.9,2.61,8251336.329,0.00164,14.2,0.099
157.0,0.65,3000.0,40.0,-4.5,3847.7,93.0,93.0,93.0,93.0,858.5,858.5,858.5,858.5,72.9,2.56,8051541.499,0.00156,14.2,0.099
158.0,0.65,3000.0,40.0,-4.5,3763.9,91.1,91.1,91.1,91.1,858.5,858.5,858.5,858.5,72.7,2.51,7876128.725,0.0015,14.2,0.099
159.0,0.65,3000.0,40.0,-4.5,3689.9,89.2,89.2,89.2,89.2,858.5,858.5,858.5,858.5,72.6,2.47,7721464.551,0.00145,14.2,0.099
160.0,0.65,3000.0,40.0,-4.5,3624.5,87.3,87.3,87.3,87.3,858.5,858.5,858.5,858.5,72.4,2.44,7584581.286,0.0014,14.2,0.099
161.0,0.65,3000.0,40.0,-4.5,3566.4,85.6,85.6,85.6,85.6,858.5,858.5,858.5,858.5,72.3,2.41,7463031.231,0.00136,14.2,0.099
162.0,0.65,3000.0,40.0,-4.5,3514.7,83.8,83.8,83.8,83.8,858.5,858.5,858.5,858.5,72.1,2.39,7354777.686,0.00132,14.2,0.099
163.0,0.65,3000.0,40.0,-4.5,3468.5,82.1,82.1,82.1,82.1,858.5,858.5,858.5,858.5,71.9,2.37,7258112.34,0.00129,14.2,0.099
164.0,0.65,3000.0,40.0,-4.5,3427.2,80.5,80.5,80.5,80.5,858.5,858.5,858.5,858.5,71.6,2.36,7171591.873,0.00126,14.2,0.099
165.0,0.65,3000.0,40.0,-4.5,3390.1,78.9,78.9,78.9,78.9,858.5,858.5,858.5,858.5,71.4,2.35,7093988.757,0.00124,14.2,0.099
166.0,0.65,3000.0,40.0,-4.5,3356.8,77.3,77.3,77.3,77.3,858.5,858.5,858.5,858.5,71.2,2.34,7024252.661,0.00122,14.2,0.099
167.0,0.65,3000.0,40.0,-4.5,3326.8,75.8,75.8,75.8,75.8,858.5,858.5,858.5,858.5,70.9,2.34,6961479.899,0.0012,14.2,0.099
168.0,0.65,3000.0,40.0,-4.5,3299.7,74.3,74.3,74.3,74.3,858.5,858.5,858.5,858.5,70.7,2.34,6904889.009,0.00118,14.2,0.099
169.0,0.65,3000.0,40.0,-4.5,3275.3,72.9,72.9,72.9,72.9,858.5,858.5,858.5,858.5,70.4,2.34,6853801.082,0.00116,14.2,0.099
170.0,0.65,3000.0,40.0,-4.5,3253.2,71.5,71.5,71.5,71.5,858.5,858.5,858.5,858.5,70.2,2.34,6807623.787,0.00115,14.2,0.099
171.0,0.65,3000.0,40.0,-4.5,3233.3,70.1,70.1,70.1,70.1,858.5,858.5,858.5,858.5,69.9,2.35,6765838.313,0.00114,14.2,0.099
172.0,0.65,3000.0,40.0,-4.5,3215.2,68.8,68.8,68.8,68.8,858.5,858.5,858.5,858.5,69.6,2.35,6727988.605,0.00113,14.2,0.099
173.0,0.65,3000.0,40.0,-4.5,3198.8,67.6,67.6,67.6,67.6,858.5,858.5,858.5,858.5,69.4,2.36,6693672.454,0.00111,14.2,0.099
174.0,0.65,3000.0,40.0,-4.5,3183.9,66.4,66.4,66.4,66.4,858.5,858.5,858.5,858.5,69.1,2.37,6662534.059,0.00111,14.2,0.099
175.0,0.65,3000.0,40.0,-4.5,3170.4,65.2,65.2,65.2,65.2,858.5,858.5,858.5,858.5,68.8,2.38,6634257.8,0.0011,14.2,0.099
176.0,0.65,3000.0,40.0,-4.5,3158.1,64.0,64.0,64.0,64.0,858.5,858.5,858.5,858.5,68.5,2.39,6608562.977,0.00109,14.2,0.099
177.0,0.65,3000.0,40.0,-4.5,3146.9,62.9,62.9,62.9,62.9,858.5,858.5,858.5,858.5,68.3,2.4,6585199.362,0.00108,14.2,0.099
178.0,0.65,3000.0,40.0,-4.5,3136.8,61.8,61.8,61.8,61.8,858.5,858.5,858.5,858.5,68.0,2.41,6563943.409,0.00108,14.2,0.099
179.0,0.65,3000.0,40.0,-4.5,3127.5,60.8,60.8,60.8,60.8,858.5,858.5,858.5,858.5,67.7,2.42,6544595.007,0.00107,14.2,0.099
180.0,0.65,3000.0,40.0,-4.5,3119.1,59.8,59.8,59.8,59.8,858.5,858.5,858.5,858.5,67.5,2.44,6526974.702,0.00106,14.2,0.099
181.0,0.65,3000.0,40.0,-4.5,3111.4,58.8,58.8,58.8,58.8,858.5,858.5,858.5,858.5,67.2,2.45,6510921.288,0.00106,14.2,0.099
182.0,0.65,3000.0,40.0,-4.5,3104.5,57.9,57.9,57.9,57.9,858.5,858.5,858.5,858.5,66.9,2.47,6496289.733,0.00106,14.2,0.099
183.0,0.65,3000.0,40.0,-4.5,3098.1,56.9,56.9,56.9,56.9,858.5,858.5,858.5,858.5,66.6,2.48,6482949.367,0.00105,14.2,0.099
184.0,0.65,3000.0,40.0,-4.5,3092.3,56.1,56.1,56.1,56.1,858.5,858.5,858.5,858.5,66.4,2.5,6470782.311,0.00105,14.2,0.099
185.0,0.65,3000.0,40.0,-4.5,3087.0,55.2,55.2,55.2,55.2,858.5,858.5,858.5,858.5,66.1,2.52,6459682.095,0.00104,14.2,0.099
186.0,0.65,3000.0,40.0,-4.5,3082.1,54.4,54.4,54.4,54.4,858.5,858.5,858.5,858.5,65.8,2.53,6449552.448,0.00104,14.2,0.099
187.0,0.65,3000.0,40.0,-4.5,3077.7,53.6,53.6,53.6,53.6,858.5,858.5,858.5,858.5,65.6,2.55,6440306.234,0.00104,14.2,0.099
188.0,0.65,3000.0,40.0,-4.5,3073.7,52.8,52.8,52.8,52.8,858.5,858.5,858.5,858.5,65.3,2.57,6431864.516,0.00104,14.2,0.099
189.0,0.65,3000.0,40.0,-4.5,3070.0,52.0,52.0,52.0,52.0,858.5,858.5,858.5,858.5,65.1,2.59,6424155.715,0.00103,14.2,0.099
190.0,0.65,3000.0,40.0,-4.5,3066.6,51.3,51.3,51.3,51.3,858.5,858.5,858.5,858.5,64.8,2.61,6417114.885,0.00103,14.2,0.099
191.0,0.65,3000.0,40.0,-4.5,3063.5,50.6,50.6,50.6,50.6,858.5,858.5,858.5,858.5,64.5,2.63,6410683.045,0.00103,14.2,0.099
192.0,0.65,3000.0,40.0,-4.5,3060.7,49.9,49.9,49.9,49.9,858.5,858.5,858.5,858.5,64.3,2.65,6404806.607,0.00103,14.2,0.099
193.0,0.65,3000.0,40.0,-4.5,3058.2,49.3,49.3,49.3,49.3,858.5,858.5,858.5,858.5,64.0,2.67,6399436.843,0.00103,14.2,0.099
194.0,0.65,3000.0,40.0,-4.5,3055.8,48.6,48.6,48.6,48.6,858.5,858.5,858.5,858.5,63.8,2.69,6394529.43,0.00103,14.2,0.099
195.0,0.65,3000.0,40.0,-4.5,3053.7,48.0,48.0,48.0,48.0,858.5,858.5,858.5,858.5,63.5,2.71,6390044.024,0.00102,14.2,0.099
196.0,0.65,3000.0,40.0,-4.5,3051.7,47.4,47.4,47.4,47.4,858.5,858.5,858.5,858.5,63.3,2.73,6385943.888,0.00102,14.2,0.099
197.0,0.65,3000.0,40.0,-4.5,3049.9,46.9,46.9,46.9,46.9,858.5,858.5,858.5,858.5,63.0,2.75,6382195.558,0.00102,14.2,0.099
198.0,0.65,3000.0,40.0,-4.5,3048.3,46.3,46.3,46.3,46.3,858.5,858.5,858.5,858.5,62.8,2.77,6378768.535,0.00102,14.2,0.099
199.0,0.65,3000.0,40.0,-4.5,3046.8,45.8,45.8,45.8,45.8,858.5,858.5,858.5,858.5,62.5,2.79,6375635.017,0.00102,14.2,0.099
200.0,0.65,3000.0,40.0,-4.5,3045.4,45.2,45.2,45.2,45.2,858.5,858.5,858.5,858.5,62.3,2.81,6372769.649,0.00102,14.2,0.099
201.0,0.65,3000.0,40.0,-4.5,3044.2,44.7,44.7,44.7,44.7,858.5,858.5,858.5,858.5,62.1,2.83,6370149.303,0.00102,14.2,0.099
202.0,0.65,3000.0,40.0,-4.5,3043.0,44.3,44.3,44.3,44.3,858.5,858.5,858.5,858.5,61.8,2.85,6367752.873,0.00102,14.2,0.099
203.0,0.65,3000.0,40.0,-4.5,3042.0,43.8,43.8,43.8,43.8,858.5,858.5,858.5,858.5,61.6,2.87,6365561.098,0.00102,14.2,0.099
204.0,0.65,3000.0,40.0,-4.5,3041.0,43.3,43.3,43.3,43.3,858.5,858.5,858.5,858.5,61.4,2.89,6363556.394,0.00102,14.2,0.099
205.0,0.65,3000.0,40.0,-4.5,3040.1,42.9,42.9,42.9,42.9,858.5,858.5,858.5,858.5,61.1,2.91,6361722.705,0.00102,14.2,0.099
206.0,0.65,3000.0,40.0,-4.5,3039.3,42.5,42.5,42.5,42.5,858.5,858.5,858.5,858.5,60.9,2.94,6360045.367,0.00102,14.2,0.099
207.0,0.65,3000.0,40.0,-4.5,3038.6,42.1,42.1,42.1,42.1,858.5,858.5,858.5,858.5,60.7,2.96,6358510.987,0.00102,14.2,0.099
208.0,0.65,3000.0,40.0,-4.5,3037.9,41.7,41.7,41.7,41.7,858.5,858.5,858.5,858.5,60.5,2.98,6357107.329,0.00101,14.2,0.099
209.0,0.65,3000.0,40.0,-4.5,3037.3,41.3,41.3,41.3,41.3,858.5,858.5,858.5,858.5,60.3,3.0,6355823.211,0.00101,14.2,0.099
210.0,0.65,3000.0,40.0,-4.5,3036.8,40.9,40.9,40.9,40.9,858.5,858.5,858.5,858.5,60.0,3.02,6354648.417,0.00101,14.2,0.099
211.0,0.65,3000.0,40.0,-4.5,3036.3,40.6,40.6,40.6,40.6,858.5,858.5,858.5,858.5,59.8,3.04,6353573.609,0.00101,14.2,0.099
212.0,0.65,3000.0,40.0,-4.5,3035.8,40.2,40.2,40.2,40.2,858.5,858.5,858.5,858.5,59.6,3.06,6352590.251,0.00101,14.2,0.099
213.0,0.65,3000.0,40.0,-4.5,3035.4,39.9,39.9,39.9,39.9,858.5,858.5,858.5,858.5,59.4,3.09,6351690.541,0.00101,14.2,0.099
214.0,0.65,3000.0,40.0,-4.5,3035.0,39.6,39.6,39.6,39.6,858.5,858.5,858.5,858.5,59.2,3.11,6350867.346,0.00101,14.2,0.099
215.0,0.65,3000.0,40.0,-4.5,3034.6,39.3,39.3,39.3,39.3,858.5,858.5,858.5,858.5,59.0,3.13,6350114.143,0.00101,14.2,0.099
216.0,0.65,3000.0,40.0,-4.5,3034.3,39.0,39.0,39.0,39.0,858.5,858.5,858.5,858.5,58.8,3.15,6349424.969,0.00101,14.2,0.099
217.0,0.65,3000.0,40.0,-4.5,3034.0,38.7,38.7,38.7,38.7,858.5,858.5,858.5,858.5,58.6,3.17,6348794.37,0.00101,14.2,0.099
218.0,0.65,3000.0,40.0,-4.5,3033.7,38.4,38.4,38.4,38.4,858.5,858.5,858.5,858.5,58.4,3.2,6348217.359,0.00101,14.2,0.099
219.0,0.65,3000.0,40.0,-4.5,3033.4,38.2,38.2,38.2,38.2,858.5,858.5,858.5,858.5,58.2,3.22,6347689.374,0.00101,14.2,0.099
220.0,0.65,3000.0,40.0,-4.5,3033.2,37.9,37.9,37.9,37.9,858.5,858.5,858.5,858.5,58.0,3.24,6347206.245,0.00101,14.2,0.099
221.0,0.65,3000.0,40.0,-4.5,3033.0,37.6,37.6,37.6,37.6,858.5,858.5,858.5,858.5,57.8,3.26,6346764.154,0.00101,14.2,0.099
222.0,0.65,3000.0,40.0,-4.5,3032.8,37.4,37.4,37.4,37.4,858.5,858.5,858.5,858.5,57.6,3.28,6346359.612,0.00101,14.2,0.099
223.0,0.65,3000.0,40.0,-4.5,3032.6,37.2,37.2,37.2,37.2,858.5,858.5,858.5,858.5,57.4,3.31,6345989.426,0.00101,14.2,0.099
224.0,0.65,3000.0,40.0,-4.5,3032.5,36.9,36.9,36.9,36.9,858.5,858.5,858.5,858.5,57.2,3.33,6345650.674,0.00101,14.2,0.099
225.0,0.65,3000.0,40.0,-4.5,3032.3,36.7,36.7,36.7,36.7,858.5,858.5,858.5,858.5,57.0,3.35,6345340.687,0.00101,14.2,0.099
226.0,0.65,3000.0,40.0,-4.5,3032.2,36.5,36.5,36.5,36.5,858.5,858.5,858.5,858.5,56.9,3.37,6345057.017,0.00101,14.2,0.099
227.0,0.65,3000.0,40.0,-4.5,3032.1,36.3,36.3,36.3,36.3,858.5,858.5,858.5,858.5,56.7,3.39,6344797.431,0.00101,14.2,0.099
228.0,0.65,3000.0,40.0,-4.5,3031.9,36.1,36.1,36.1,36.1,858.5,858.5,858.5,858.5,56.5,3.41,6344559.881,0.00101,14.2,0.099
229.0,0.65,3000.0,40.0,-4.5,3031.8,35.9,35.9,35.9,35.9,858.5,858.5,858.5,858.5,56.3,3.44,6344342.495,0.00101,14.2,0.099
230.0,0.65,3000.0,40.0,-4.5,3031.7,35.7,35.7,35.7,35.7,858.5,858.5,858.5,858.5,56.1,3.46,6344143.561,0.00101,14.2,0.099
231.0,0.65,3000.0,40.0,-4.5,3031.7,35.6,35.6,35.6,35.6,858.5,858.5,858.5,858.5,56.0,3.48,6343961.512,0.00101,14.2,0.099
232.0,0.65,3000.0,40.0,-4.5,3031.6,35.4,35.4,35.4,35.4,858.5,858.5,858.5,858.5,55.8,3.5,6343794.914,0.00101,14.2,0.099
233.0,0.65,3000.0,40.0,-4.5,3031.5,35.2,35.2,35.2,35.2,858.5,858.5,858.5,858.5,55.6,3.52,6343642.454,0.00101,14.2,0.099
234.0,0.65,3000.0,40.0,-4.5,3031.4,35.1,35.1,35.1,35.1,858.5,858.5,858.5,858.5,55.5,3.54,6343502.933,0.00101,14.2,0.099
235.0,0.65,3000.0,40.0,-4.5,3031.4,34.9,34.9,34.9,34.9,858.5,858.5,858.5,858.5,55.3,3.57,6343375.253,0.00101,14.2,0.099
236.0,0.65,3000.0,40.0,-4.5,3031.3,34.8,34.8,34.8,34.8,858.5,858.5,858.5,858.5,55.1,3.59,6343258.407,0.00101,14.2,0.099
237.0,0.65,3000.0,40.0,-4.5,3031.3,34.6,34.6,34.6,34.6,858.5,858.5,858.5,858.5,55.0,3.61,6343151.476,0.00101,14.2,0.099
238.0,0.65,3000.0,40.0,-4.5,3031.2,34.5,34.5,34.5,34.5,858.5,858.5,858.5,858.5,54.8,3.63,6343053.618,0.00101,14.2,0.099
239.0,0.65,3000.0,40.0,-4.5,3031.2,34.4,34.4,34.4,34.4,858.5,858.5,858.5,858.5,54.6,3.65,6342964.064,0.00101,14.2,0.099
240.0,0.65,3000.0,40.0,-4.5,3031.1,34.2,34.2,34.2,34.2,858.5,858.5,858.5,858.5,54.5,3.67,6342882.109,0.00101,14.2,0.099
241.0,0.65,3000.0,40.0,-4.5,3031.1,34.1,34.1,34.1,34.1,858.5,858.5,858.5,858.5,54.3,3.69,6342807.107,0.00101,14.2,0.099
242.0,0.65,3000.0,40.0,-4.5,3031.1,34.0,34.0,34.0,34.0,858.5,858.5,858.5,858.5,54.2,3.71,6342738.47,0.00101,14.2,0.099
243.0,0.65,3000.0,40.0,-4.5,3031.0,33.9,33.9,33.9,33.9,858.5,858.5,858.5,858.5,54.0,3.74,6342675.655,0.00101,14.2,0.099
244.0,0.65,3000.0,40.0,-4.5,3031.0,33.8,33.8,33.8,33.8,858.5,858.5,858.5,858.5,53.9,3.76,6342618.17,0.00101,14.2,0.099
245.0,0.65,3000.0,40.0,-4.5,3031.0,33.7,33.7,33.7,33.7,858.5,858.5,858.5,858.5,53.7,3.78,6342565.562,0.00101,14.2,0.099
246.0,0.65,3000.0,40.0,-4.5,3031.0,33.6,33.6,33.6,33.6,858.5,858.5,858.5,858.5,53.6,3.8,6342517.418,0.00101,14.2,0.099
247.0,0.65,3000.0,40.0,-4.5,3030.9,33.5,33.5,33.5,33.5,858.5,858.5,858.5,858.5,53.4,3.82,6342473.358,0.00101,14.2,0.099
248.0,0.65,3000.0,40.0,-4.5,3030.9,33.4,33.4,33.4,33.4,858.5,858.5,858.5,858.5,53.3,3.84,6342433.036,0.00101,14.2,0.099
249.0,0.65,3000.0,40.0,-4.5,3030.9,33.3,33.3,33.3,33.3,858.5,858.5,858.5,858.5,53.1,3.86,6342396.135,0.00101,14.2,0.099
250.0,0.65,3000.0,40.0,-4.5,3030.9,33.2,33.2,33.2,33.2,858.5,858.5,858.5,858.5,53.0,3.88,6342362.364,0.00101,14.2,0.099
251.0,0.65,3000.0,40.0,-4.5,3030.9,33.1,33.1,33.1,33.1,858.5,858.5,858.5,858.5,52.8,3.9,6342331.459,0.00101,14.2,0.099
252.0,0.65,3000.0,40.0,-4.5,3030.9,33.0,33.0,33.0,33.0,858.5,858.5,858.5,858.5,52.7,3.92,6342303.175,0.00101,14.2,0.099
253.0,0.65,3000.0,40.0,-4.5,3030.9,32.9,32.9,32.9,32.9,858.5,858.5,858.5,858.5,52.6,3.94,6342277.291,0.00101,14.2,0.099
254.0,0.65,3000.0,40.0,-4.5,3030.8,32.8,32.8,32.8,32.8,858.5,858.5,858.5,858.5,52.4,3.96,6342253.603,0.00101,14.2,0.099
255.0,0.65,3000.0,40.0,-4.5,3030.8,32.8,32.8,32.8,32.8,858.5,858.5,858.5,858.5,52.3,3.98,6342231.924,0.00101,14.2,0.099
256.0,0.65,3000.0,40.0,-4.5,3030.8,32.7,32.7,32.7,32.7,858.5,858.5,858.5,858.5,52.2,4.0,6342212.084,0.00101,14.2,0.099
257.0,0.65,3000.0,40.0,-4.5,3030.8,32.6,32.6,32.6,32.6,858.5,858.5,858.5,858.5,52.0,4.02,6342193.928,0.00101,14.2,0.099
258.0,0.65,3000.0,40.0,-4.5,3030.8,32.6,32.6,32.6,32.6,858.5,858.5,858.5,858.5,51.9,4.04,6342177.311,0.00101,14.2,0.099
259.0,0.65,3000.0,40.0,-4.5,3030.8,32.5,32.5,32.5,32.5,858.5,858.5,858.5,858.5,51.8,4.06,6342162.105,0.00101,14.2,0.099
260.0,0.65,3000.0,40.0,-4.5,3030.8,32.4,32.4,32.4,32.4,858.5,858.5,858.5,858.5,51.6,4.08,6342148.188,0.00101,14.2,0.099
261.0,0.65,3000.0,40.0,-4.5,3030.8,32.4,32.4,32.4,32.4,858.5,858.5,858.5,858.5,51.5,4.1,6342135.452,0.00101,14.2,0.099
262.0,0.65,3000.0,40.0,-4.5,3030.8,32.3,32.3,32.3,32.3,858.5,858.5,858.5,858.5,51.4,4.12,6342123.796,0.00101,14.2,0.099
263.0,0.65,3000.0,40.0,-4.5,3030.8,32.3,32.3,32.3,32.3,858.5,858.5,858.5,858.5,51.3,4.14,6342113.129,0.00101,14.2,0.099
264.0,0.65,3000.0,40.0,-4.5,3030.8,32.2,32.2,32.2,32.2,858.5,858.5,858.5,858.5,51.1,4.16,6342103.367,0.00101,14.2,0.099
265.0,0.65,3000.0,40.0,-4.5,3030.8,32.1,32.1,32.1,32.1,858.5,858.5,858.5,858.5,51.0,4.18,6342094.433,0.00101,14.2,0.099
266.0,0.65,3000.0,40.0,-4.5,3030.8,32.1,32.1,32.1,32.1,858.5,858.5,858.5,858.5,50.9,4.2,6342086.257,0.00101,14.2,0.099
267.0,0.65,3000.0,40.0,-4.5,3030.8,32.0,32.0,32.0,32.0,858.5,858.5,858.5,858.5,50.8,4.22,6342078.775,0.00101,14.2,0.099
268.0,0.65,3000.0,40.0,-4.5,3030.8,32.0,32.0,32.0,32.0,858.5,858.5,858.5,858.5,50.7,4.24,6342071.927,0.00101,14.2,0.099
269.0,0.65,3000.0,40.0,-4.5,3030.8,32.0,32.0,32.0,32.0,858.5,858.5,858.5,858.5,50.5,4.26,6342065.66,0.00101,14.2,0.099
270.0,0.65,3000.0,40.0,-4.5,3030.8,31.9,31.9,31.9,31.9,858.5,858.5,858.5,858.5,50.4,4.28,6342059.925,0.00101,14.2,0.099
271.0,0.65,3000.0,40.0,-4.5,3030.7,31.9,31.9,31.9,31.9,858.5,858.5,858.5,858.5,50.3,4.3,6342054.676,0.00101,14.2,0.099
272.0,0.65,3000.0,40.0,-4.5,3030.7,31.8,31.8,31.8,31.8,858.5,858.5,858.5,858.5,50.2,4.32,6342049.873,0.00101,14.2,0.099
273.0,0.65,3000.0,40.0,-4.5,3030.7,31.8,31.8,31.8,31.8,858.5,858.5,858.5,858.5,50.1,4.33,6342045.477,0.00101,14.2,0.099
274.0,0.65,3000.0,40.0,-4.5,3030.7,31.7,31.7,31.7,31.7,858.5,858.5,858.5,858.5,50.0,4.35,6342041.454,0.00101,14.2,0.099
275.0,0.65,3000.0,40.0,-4.5,3030.7,31.7,31.7,31.7,31.7,858.5,858.5,858.5,858.5,49.9,4.37,6342037.772,0.00101,14.2,0.099
276.0,0.65,3000.0,40.0,-4.5,3030.7,31.7,31.7,31.7,31.7,858.5,858.5,858.5,858.5,49.8,4.39,6342034.402,0.00101,14.2,0.099
277.0,0.65,3000.0,40.0,-4.5,3030.7,31.6,31.6,31.6,31.6,858.5,858.5,858.5,858.5,49.7,4.41,6342031.319,0.00101,14.2,0.099
278.0,0.65,3000.0,40.0,-4.5,3030.7,31.6,31.6,31.6,31.6,858.5,858.5,858.5,858.5,49.6,4.43,6342028.497,0.00101,14.2,0.099
279.0,0.65,3000.0,40.0,-4.5,3030.7,31.6,31.6,31.6,31.6,858.5,858.5,858.5,858.5,49.4,4.44,6342025.914,0.00101,14.2,0.099
280.0,0.65,3000.0,40.0,-4.5,3030.7,31.5,31.5,31.5,31.5,858.5,858.5,858.5,858.5,49.3,4.46,6342023.55,0.00101,14.2,0.099
281.0,0.65,3000.0,40.0,-4.5,3030.7,31.5,31.5,31.5,31.5,858.5,858.5,858.5,858.5,49.2,4.48,6342021.387,0.00101,14.2,0.099
282.0,0.65,3000.0,40.0,-4.5,3030.7,31.5,31.5,31.5,31.5,858.5,858.5,858.5,858.5,49.1,4.5,6342019.408,0.00101,14.2,0.099
283.0,0.65,3000.0,40.0,-4.5,3030.7,31.5,31.5,31.5,31.5,858.5,858.5,858.5,858.5,49.0,4.52,6342017.596,0.00101,14.2,0.099
284.0,0.65,3000.0,40.0,-4.5,3030.7,31.4,31.4,31.4,31.4,858.5,858.5,858.5,858.5,48.9,4.53,6342015.938,0.00101,14.2,0.099
285.0,0.65,3000.0,40.0,-4.5,3030.7,31.4,31.4,31.4,31.4,858.5,858.5,858.5,858.5,48.8,4.55,6342014.421,0.00101,14.2,0.099
286.0,0.65,3000.0,40.0,-4.5,3030.7,31.4,31.4,31.4,31.4,858.5,858.5,858.5,858.5,48.7,4.57,6342013.032,0.00101,14.2,0.099
287.0,0.65,3000.0,40.0,-4.5,3030.7,31.3,31.3,31.3,31.3,858.5,858.5,858.5,858.5,48.7,4.59,6342011.761,0.00101,14.2,0.099
288.0,0.65,3000.0,40.0,-4.5,3030.7,31.3,31.3,31.3,31.3,858.5,858.5,858.5,858.5,48.6,4.6,6342010.598,0.00101,14.2,0.099
289.0,0.65,3000.0,40.0,-4.5,3030.7,31.3,31.3,31.3,31.3,858.5,858.5,858.5,858.5,48.5,4.62,6342009.534,0.00101,14.2,0.099
290.0,0.65,3000.0,40.0,-4.5,3030.7,31.3,31.3,31.3,31.3,858.5,858.5,858.5,858.5,48.4,4.64,6342008.56,0.00101,14.2,0.099
291.0,0.65,3000.0,40.0,-4.5,3030.7,31.3,31.3,31.3,31.3,858.5,858.5,858.5,858.5,48.3,4.66,6342007.668,0.00101,14.2,0.099
292.0,0.65,3000.0,40.0,-4.5,3030.7,31.2,31.2,31.2,31.2,858.5,858.5,858.5,858.5,48.2,4.67,6342006.853,0.00101,14.2,0.099
293.0,0.65,3000.0,40.0,-4.5,3030.7,31.2,31.2,31.2,31.2,858.5,858.5,858.5,858.5,48.1,4.69,6342006.106,0.00101,14.2,0.099
294.0,0.65,3000.0,40.0,-4.5,3030.7,31.2,31.2,31.2,31.2,858.5,858.5,858.5,858.5,48.0,4.71,6342005.423,0.00101,14.2,0.099
295.0,0.65,3000.0,40.0,-4.5,3030.7,31.2,31.2,31.2,31.2,858.5,858.5,858.5,858.5,47.9,4.72,6342004.797,0.00101,14.2,0.099
296.0,0.65,3000.0,40.0,-4.5,3030.7,31.2,31.2,31.2,31.2,858.5,858.5,858.5,858.5,47.8,4.74,6342004.225,0.00101,14.2,0.099
297.0,0.65,3000.0,40.0,-4.5,3030.7,31.1,31.1,31.1,31.1,858.5,858.5,858.5,858.5,47.7,4.76,6342003.701,0.00101,14.2,0.099
298.0,0.65,3000.0,40.0,-4.5,3030.7,31.1,31.1,31.1,31.1,858.5,858.5,858.5,858.5,47.7,4.77,6342003.222,0.00101,14.2,0.099
299.0,0.65,3000.0,40.0,-4.5,3030.7,31.1,31.1,31.1,31.1,858.5,858.5,858.5,858.5,47.6,4.79,6342002.783,0.00101,14.2,0.099
300.0,0.65,3000.0,40.0,-4.5,3030.7,31.1,31.1,31.1,31.1,858.5,858.5,858.5,858.5,47.5,4.8,6342036.798,0.00101,14.2,0.099
301.0,0.65,3000.0,40.0,-4.5,3030.4,31.1,31.1,31.1,31.1,858.5,850.4,858.5,858.5,47.4,4.82,6341363.67,0.00101,14.2,0.103
302.0,0.65,3000.0,40.0,-4.5,3029.5,31.1,31.0,31.1,31.1,858.5,842.4,858.5,858.5,47.3,4.83,6339395.653,0.00101,14.2,0.107
303.0,0.65,3000.0,40.0,-4.5,3028.5,31.1,31.0,31.1,31.1,858.5,834.3,858.5,858.5,47.2,4.85,6337436.49,0.00101,14.2,0.112
304.0,0.65,3000.0,40.0,-4.5,3027.2,31.0,31.0,31.0,31.0,858.5,826.2,858.5,858.5,47.2,4.86,6334700.035,0.00101,14.2,0.118
305.0,0.65,3000.0,40.0,-4.5,3025.2,31.0,30.9,31.0,31.0,858.5,818.2,858.5,858.5,47.1,4.88,6330418.127,0.00101,14.2,0.124
306.0,0.65,3000.0,40.0,-4.5,3021.7,31.0,30.8,31.0,31.0,858.5,810.1,858.5,858.5,47.0,4.89,6323095.064,0.00101,14.2,0.131
307.0,0.65,3000.0,40.0,-4.5,3016.7,31.0,30.7,31.0,31.0,858.5,802.1,858.5,858.5,46.9,4.89,6312583.926,0.001,14.2,0.138
308.0,0.65,3000.0,40.0,-4.5,3013.8,31.0,30.6,31.0,31.0,858.5,794.0,858.5,858.5,46.8,4.9,6306601.027,0.001,14.2,0.146
309.0,0.65,3000.0,40.0,-4.5,3011.8,31.0,30.5,31.0,31.0,858.5,786.0,858.5,858.5,46.8,4.92,6302400.72,0.001,14.2,0.154
310.0,0.65,3000.0,40.0,-4.5,3009.4,30.9,30.4,30.9,30.9,858.5,777.9,858.5,858.5,46.7,4.93,6297293.184,0.001,14.2,0.162
311.0,0.65,3000.0,40.0,-4.5,3006.6,30.9,30.3,30.9,30.9,858.5,769.9,858.5,858.5,46.6,4.94,6291588.486,0.001,14.2,0.171
312.0,0.65,3000.0,40.0,-4.5,3000.2,30.9,30.2,30.9,30.9,858.5,761.8,858.5,858.5,46.5,4.95,6278068.956,0.00099,14.2,0.179
313.0,0.65,3000.0,40.0,-4.5,2996.0,30.9,30.0,30.9,30.9,858.5,753.8,858.5,858.5,46.4,4.96,6269396.641,0.00099,14.2,0.188
314.0,0.65,3000.0,40.0,-4.5,2988.6,30.8,29.9,30.8,30.8,858.5,745.7,858.5,858.5,46.4,4.96,6253869.362,0.00099,14.2,0.197
315.0,0.65,3000.0,40.0,-4.5,2978.4,30.8,29.7,30.8,30.8,858.5,737.7,858.5,858.5,46.3,4.96,6232610.306,0.00099,14.2,0.206
316.0,0.65,3000.0,40.0,-4.5,2971.9,30.8,29.6,30.8,30.8,858.5,729.6,858.5,858.5,46.2,4.97,6219000.33,0.00098,14.2,0.215
317.0,0.65,3000.0,40.0,-4.5,2965.5,30.8,29.4,30.8,30.8,858.5,721.5,858.5,858.5,46.1,4.97,6205613.785,0.00098,14.2,0.224
318.0,0.65,3000.0,40.0,-4.5,2968.0,30.7,29.2,30.7,30.7,858.5,713.5,858.5,858.5,46.0,5.0,6210734.188,0.00098,14.2,0.234
319.0,0.65,3000.0,40.0,-4.5,2967.7,30.7,29.0,30.7,30.7,858.5,705.4,858.5,858.5,45.9,5.01,6210143.548,0.00098,14.2,0.243
320.0,0.65,3000.0,40.0,-4.5,2967.4,30.7,28.8,30.7,30.7,858.5,697.4,858.5,858.5,45.9,5.03,6209591.539,0.00098,14.2,0.252
321.0,0.65,3000.0,40.0,-4.5,2960.6,30.6,28.7,30.6,30.6,858.5,689.3,858.5,858.5,45.8,5.03,6195201.219,0.00098,14.2,0.262
322.0,0.65,3000.0,40.0,-4.5,2959.2,30.6,28.5,30.6,30.6,858.5,681.3,858.5,858.5,45.7,5.05,6192259.736,0.00098,14.2,0.271
323.0,0.65,3000.0,40.0,-4.5,2954.1,30.6,28.3,30.6,30.6,858.5,673.2,858.5,858.5,45.6,5.06,6181673.059,0.00098,14.2,0.281
324.0,0.65,3000.0,40.0,-4.5,2941.9,30.6,28.1,30.6,30.6,858.5,665.2,858.5,858.5,45.5,5.05,6156158.98,0.00097,14.2,0.291
325.0,0.65,3000.0,40.0,-4.5,2936.0,30.5,27.8,30.5,30.5,858.5,657.1,858.5,858.5,45.4,5.06,6143775.042,0.00097,14.2,0.3
326.0,0.65,3000.0,40.0,-4.5,2933.1,30.5,27.6,30.5,30.5,858.5,649.1,858.5,858.5,45.4,5.07,6137744.328,0.00097,14.2,0.31
327.0,0.65,3000.0,40.0,-4.5,2932.1,30.5,27.4,30.5,30.5,858.5,641.0,858.5,858.5,45.3,5.09,6135625.585,0.00097,14.2,0.32
328.0,0.65,3000.0,40.0,-4.5,2926.0,30.5,27.2,30.5,30.5,858.5,632.9,858.5,858.5,45.2,5.1,6122883.474,0.00097,14.2,0.329
329.0,0.65,3000.0,40.0,-4.5,2925.0,30.4,27.0,30.4,30.4,858.5,624.9,858.5,858.5,45.1,5.11,6120676.408,0.00097,14.2,0.339
330.0,0.65,3000.0,40.0,-4.5,2920.5,30.4,26.7,30.4,30.4,858.5,616.8,858.5,858.5,45.0,5.12,6111375.866,0.00097,14.2,0.349
331.0,0.65,3000.0,40.0,-4.5,2910.6,30.4,26.5,30.4,30.4,858.5,608.8,858.5,858.5,44.9,5.13,6090654.787,0.00096,14.2,0.359
332.0,0.65,3000.0,40.0,-4.5,2910.2,30.3,26.3,30.3,30.3,858.5,600.7,858.5,858.5,44.9,5.14,6089843.314,0.00096,14.2,0.369
333.0,0.65,3000.0,40.0,-4.5,2906.9,30.3,26.0,30.3,30.3,858.5,592.7,858.5,858.5,44.8,5.16,6082847.563,0.00096,14.2,0.379
334.0,0.65,3000.0,40.0,-4.5,2901.8,30.3,25.8,30.3,30.3,858.5,584.6,858.5,858.5,44.7,5.16,6072198.551,0.00096,14.2,0.388
335.0,0.65,3000.0,40.0,-4.5,2906.5,30.3,25.5,30.3,30.3,858.5,576.6,858.5,858.5,44.6,5.19,6081971.177,0.00096,14.2,0.398
336.0,0.65,3000.0,40.0,-4.5,2907.6,30.2,25.3,30.2,30.2,858.5,568.5,858.5,858.5,44.5,5.21,6084405.528,0.00096,14.2,0.408
337.0,0.65,3000.0,40.0,-4.5,2903.2,30.2,25.0,30.2,30.2,858.5,560.5,858.5,858.5,44.4,5.22,6075219.93,0.00096,14.2,0.418
338.0,0.65,3000.0,40.0,-4.5,2903.1,30.2,24.8,30.2,30.2,858.5,552.4,858.5,858.5,44.4,5.24,6075026.736,0.00096,14.2,0.428
339.0,0.65,3000.0,40.0,-4.5,2900.5,30.2,24.5,30.2,30.2,858.5,544.3,858.5,858.5,44.3,5.25,6069527.927,0.00096,14.2,0.438
340.0,0.65,3000.0,40.0,-4.5,2886.2,30.2,24.3,30.2,30.2,858.5,536.3,858.5,858.5,44.2,5.24,6039610.339,0.00095,14.2,0.448
341.0,0.65,3000.0,40.0,-4.5,2879.6,30.1,24.0,30.1,30.1,858.5,528.2,858.5,858.5,44.1,5.25,6025850.251,0.00095,14.2,0.458
342.0,0.65,3000.0,40.0,-4.5,2887.7,30.1,23.7,30.1,30.1,858.5,520.2,858.5,858.5,44.0,5.28,6042812.581,0.00096,14.2,0.468
343.0,0.65,3000.0,40.0,-4.5,2888.4,30.1,23.5,30.1,30.1,858.5,512.1,858.5,858.5,43.9,5.3,6044266.025,0.00096,14.2,0.478
344.0,0.65,3000.0,40.0,-4.5,2882.9,30.0,23.2,30.0,30.0,858.5,504.1,858.5,858.5,43.9,5.31,6032701.487,0.00095,14.2,0.488
345.0,0.65,3000.0,40.0,-4.5,2876.9,30.0,22.9,30.0,30.0,858.5,496.0,858.5,858.5,43.8,5.32,6020174.037,0.00095,14.2,0.498
346.0,0.65,3000.0,40.0,-4.5,2868.2,30.0,22.7,30.0,30.0,858.5,488.0,858.5,858.5,43.7,5.32,6001927.554,0.00095,14.2,0.508
347.0,0.65,3000.0,40.0,-4.5,2866.0,30.0,22.4,30.0,30.0,858.5,479.9,858.5,858.5,43.6,5.34,5997277.464,0.00095,14.2,0.518
348.0,0.65,3000.0,40.0,-4.5,2862.4,29.9,22.1,29.9,29.9,858.5,471.9,858.5,858.5,43.5,5.35,5989844.296,0.00095,14.2,0.528
349.0,0.65,3000.0,40.0,-4.5,2843.7,29.9,21.8,29.9,29.9,858.5,463.8,858.5,858.5,43.5,5.33,5950632.392,0.00094,14.2,0.538
350.0,0.65,3000.0,40.0,-4.5,2835.1,29.9,21.6,29.9,29.9,858.5,455.7,858.5,858.5,43.4,5.34,5932721.732,0.00094,14.2,0.548
351.0,0.65,3000.0,40.0,-4.5,2833.6,29.9,21.3,29.9,29.9,858.5,447.7,858.5,858.5,43.3,5.35,5929434.292,0.00094,14.2,0.558
352.0,0.65,3000.0,40.0,-4.5,2829.5,29.8,21.0,29.8,29.8,858.5,439.6,858.5,858.5,43.2,5.36,5920866.715,0.00094,14.2,0.568
353.0,0.65,3000.0,40.0,-4.5,2823.7,29.8,20.7,29.8,29.8,858.5,431.6,858.5,858.5,43.1,5.37,5908730.295,0.00093,14.2,0.578
354.0,0.65,3000.0,40.0,-4.5,2813.4,29.8,20.4,29.8,29.8,858.5,423.5,858.5,858.5,43.0,5.37,5887178.415,0.00093,14.2,0.588
355.0,0.65,3000.0,40.0,-4.5,2812.7,29.8,20.1,29.8,29.8,858.5,415.5,858.5,858.5,42.9,5.39,5885718.735,0.00093,14.2,0.598
356.0,0.65,3000.0,40.0,-4.5,2818.3,29.7,19.9,29.7,29.7,858.5,407.4,858.5,858.5,42.9,5.42,5897403.805,0.00093,14.2,0.609
357.0,0.65,3000.0,40.0,-4.5,2806.4,29.7,19.6,29.7,29.7,858.5,399.4,858.5,858.5,42.8,5.42,5872607.883,0.00093,14.2,0.619
358.0,0.65,3000.0,40.0,-4.5,2800.3,29.7,19.3,29.7,29.7,858.5,391.3,858.5,858.5,42.7,5.43,5859758.146,0.00093,14.2,0.629
359.0,0.65,3000.0,40.0,-4.5,2797.8,29.7,19.0,29.7,29.7,858.5,383.3,858.5,858.5,42.6,5.44,5854547.703,0.00093,14.2,0.639
360.0,0.65,3000.0,40.0,-4.5,2804.1,29.6,18.7,29.6,29.6,858.5,375.2,858.5,858.5,42.5,5.48,5867727.134,0.00093,14.2,0.649
361.0,0.65,3000.0,40.0,-4.5,2793.9,29.6,18.4,29.6,29.6,858.5,375.2,858.5,858.5,42.4,5.48,5846454.468,0.00092,14.2,0.649
362.0,0.65,3000.0,40.0,-4.5,2790.0,29.6,18.1,29.6,29.6,858.5,375.2,858.5,858.5,42.3,5.49,5838220.817,0.00092,14.2,0.649
363.0,0.65,3000.0,40.0,-4.5,2781.3,29.6,17.9,29.6,29.6,858.5,375.2,858.5,858.5,42.3,5.49,5820058.237,0.00092,14.2,0.649
364.0,0.65,3000.0,40.0,-4.5,2780.7,29.5,17.6,29.5,29.5,858.5,375.2,858.5,858.5,42.2,5.5,5805525.907,0.00092,14.2,0.649
365.0,0.65,3000.0,40.0,-4.5,2789.5,29.5,17.4,29.5,29.5,858.5,375.2,858.5,858.5,42.1,5.5,5784210.691,0.00092,14.2,0.649
366.0,0.65,3000.0,40.0,-4.5,2783.6,29.5,17.1,29.5,29.5,858.5,375.2,858.5,858.5,42.0,5.5,5763461.594,0.00092,14.2,0.649
367.0,0.65,3000.0,40.0,-4.5,2777.6,29.5,16.9,29.5,29.5,858.5,375.2,858.5,858.5,41.9,5.5,5742522.649,0.00092,14.2,0.649
368.0,0.65,3000.0,40.0,-4.5,2782.1,29.4,16.7,29.4,29.4,858.5,375.2,858.5,858.5,41.8,5.5,5721646.761,0.00092,14.2,0.649
369.0,0.65,3000.0,40.0,-4.5,2780.3,29.4,16.4,29.4,29.4,858.5,375.2,858.5,858.5,41.7,5.5,5701237.257,0.00092,14.2,0.649
370.0,0.65,3000.0,40.0,-4.5,2767.6,29.4,16.2,29.4,29.4,858.5,375.2,858.5,858.5,41.7,5.5,5680836.676,0.00092,14.2,0.649
371.0,0.65,3000.0,40.0,-4.5,2769.3,29.4,16.0,29.4,29.4,858.5,375.2,858.5,858.5,41.6,5.5,5660062.346,0.00092,14.2,0.649
372.0,0.65,3000.0,40.0,-4.5,2768.2,29.3,15.8,29.3,29.3,858.5,375.2,858.5,858.5,41.5,5.5,5639889.26,0.00092,14.2,0.649
373.0,0.65,3000.0,40.0,-4.5,2754.9,29.3,15.6,29.3,29.3,858.5,375.2,858.5,858.5,41.4,5.5,5619599.307,0.00091,14.2,0.649
374.0,0.65,3000.0,40.0,-4.5,2742.0,29.3,15.4,29.3,29.3,858.5,375.2,858.5,858.5,41.3,5.5,5598616.418,0.00091,14.2,0.649
375.0,0.65,3000.0,40.0,-4.5,2735.6,29.3,15.3,29.3,29.3,858.5,375.2,858.5,858.5,41.2,5.5,5577156.061,0.0009,14.2,0.649
376.0,0.65,3000.0,40.0,-4.5,2741.9,29.2,15.1,29.2,29.2,858.5,375.2,858.5,858.5,41.2,5.5,5556539.9,0.00091,14.2,0.649
377.0,0.65,3000.0,40.0,-4.5,2745.9,29.2,14.9,29.2,29.2,858.5,375.2,858.5,858.5,41.1,5.5,5536006.888,0.00091,14.2,0.649
378.0,0.65,3000.0,40.0,-4.5,2746.1,29.2,14.8,29.2,29.2,858.5,375.2,858.5,858.5,41.0,5.5,5515996.159,0.00091,14.2,0.649
379.0,0.65,3000.0,40.0,-4.5,2758.6,29.2,14.6,29.2,29.2,858.5,375.2,858.5,858.5,40.9,5.5,5496251.422,0.00091,14.2,0.649
380.0,0.65,3000.0,40.0,-4.5,2764.5,29.1,14.4,29.1,29.1,858.5,375.2,858.5,858.5,40.8,5.5,5477571.949,0.00091,14.2,0.649
381.0,0.65,3000.0,40.0,-4.5,2762.2,29.1,14.3,29.1,29.1,858.5,375.2,858.5,858.5,40.8,5.5,5459440.278,0.00091,14.2,0.649
382.0,0.65,3000.0,40.0,-4.5,2783.5,29.1,14.2,29.1,29.1,858.5,375.2,858.5,858.5,40.7,5.5,5441542.925,0.00092,14.2,0.649
383.0,0.65,3000.0,40.0,-4.5,2773.8,29.1,14.0,29.1,29.1,858.5,375.2,858.5,858.5,40.6,5.5,5425095.117,0.00092,14.2,0.649
384.0,0.65,3000.0,40.0,-4.5,2770.6,29.1,13.9,29.1,29.1,858.5,375.2,858.5,858.5,40.6,5.5,5407595.86,0.00092,14.2,0.649
385.0,0.65,3000.0,40.0,-4.5,2777.7,29.1,13.8,29.1,29.1,858.5,375.2,858.5,858.5,40.5,5.5,5390846.207,0.00092,14.2,0.649
386.0,0.65,3000.0,40.0,-4.5,2777.0,29.1,13.6,29.1,29.1,858.5,375.2,858.5,858.5,40.4,5.5,5374415.64,0.00092,14.2,0.649
387.0,0.65,3000.0,40.0,-4.5,2763.7,29.0,13.5,29.0,29.0,858.5,375.2,858.5,858.5,40.3,5.5,5357812.749,0.00091,14.2,0.649
388.0,0.65,3000.0,40.0,-4.5,2745.7,29.0,13.4,29.0,29.0,858.5,375.2,858.5,858.5,40.3,5.5,5340128.629,0.00091,14.2,0.649
389.0,0.65,3000.0,40.0,-4.5,2760.1,29.0,13.3,29.0,29.0,858.5,375.2,858.5,858.5,40.2,5.5,5322918.017,0.00091,14.2,0.649
390.0,0.65,3000.0,40.0,-4.5,2769.6,29.0,13.2,29.0,29.0,858.5,375.2,858.5,858.5,40.1,5.5,5306477.927,0.00092,14.2,0.649
391.0,0.65,3000.0,40.0,-4.5,2779.5,29.0,13.1,29.0,29.0,858.5,375.2,858.5,858.5,40.1,5.5,5290923.329,0.00092,14.2,0.649
392.0,0.65,3000.0,40.0,-4.5,2765.7,29.0,13.0,29.0,29.0,858.5,375.2,858.5,858.5,40.0,5.5,5275639.981,0.00091,14.2,0.649
393.0,0.65,3000.0,40.0,-4.5,2762.8,28.9,12.9,28.9,28.9,858.5,375.2,858.5,858.5,39.9,5.5,5260122.787,0.00091,14.2,0.649
394.0,0.65,3000.0,40.0,-4.5,2758.3,28.9,12.8,28.9,28.9,858.5,375.2,858.5,858.5,39.9,5.5,5244686.19,0.00091,14.2,0.649
395.0,0.65,3000.0,40.0,-4.5,2768.2,28.9,12.7,28.9,28.9,858.5,375.2,858.5,858.5,39.8,5.5,5229091.486,0.00092,14.2,0.649
396.0,0.65,3000.0,40.0,-4.5,2767.0,28.9,12.6,28.9,28.9,858.5,375.2,858.5,858.5,39.7,5.5,5214363.534,0.00092,14.2,0.649
397.0,0.65,3000.0,40.0,-4.5,2750.3,28.9,12.5,28.9,28.9,858.5,375.2,858.5,858.5,39.7,5.5,5199331.887,0.00091,14.2,0.649
398.0,0.65,3000.0,40.0,-4.5,2742.2,28.9,12.4,28.9,28.9,858.5,375.2,858.5,858.5,39.6,5.5,5183537.926,0.00091,14.2,0.649
399.0,0.65,3000.0,40.0,-4.5,2729.0,28.9,12.4,28.9,28.9,858.5,375.2,858.5,858.5,39.5,5.5,5167283.886,0.0009,14.2,0.649
400.0,0.65,3000.0,40.0,-4.5,2727.8,28.8,12.3,28.8,28.8,858.5,375.2,858.5,858.5,39.5,5.5,5151147.816,0.0009,14.2,0.649
401.0,0.65,3000.0,40.0,-4.5,2722.6,28.8,12.2,28.8,28.8,858.5,375.2,858.5,858.5,39.4,5.5,5135175.956,0.0009,14.2,0.649
402.0,0.65,3000.0,40.0,-4.5,2726.6,28.8,12.1,28.8,28.8,858.5,375.2,858.5,858.5,39.3,5.5,5118929.547,0.0009,14.2,0.649
403.0,0.65,3000.0,40.0,-4.5,2733.2,28.8,12.1,28.8,28.8,858.5,375.2,858.5,858.5,39.3,5.5,5103203.62,0.0009,14.2,0.649
404.0,0.65,3000.0,40.0,-4.5,2737.5,28.8,12.0,28.8,28.8,858.5,375.2,858.5,858.5,39.2,5.5,5088530.054,0.00091,14.2,0.649
405.0,0.65,3000.0,40.0,-4.5,2739.5,28.8,11.9,28.8,28.8,858.5,375.2,858.5,858.5,39.1,5.5,5073799.231,0.00091,14.2,0.649
406.0,0.65,3000.0,40.0,-4.5,2741.5,28.8,11.9,28.8,28.8,858.5,375.2,858.5,858.5,39.1,5.5,5059537.57,0.00091,14.2,0.649
407.0,0.65,3000.0,40.0,-4.5,2759.9,28.8,11.8,28.8,28.8,858.5,375.2,858.5,858.5,39.0,5.5,5045841.852,0.00091,14.2,0.649
408.0,0.65,3000.0,40.0,-4.5,2764.1,28.8,11.7,28.8,28.8,858.5,375.2,858.5,858.5,39.0,5.5,5032901.983,0.00091,14.2,0.649
409.0,0.65,3000.0,40.0,-4.5,2760.2,28.8,11.7,28.8,28.8,858.5,375.2,858.5,858.5,38.9,5.5,5020363.136,0.00091,14.2,0.649
410.0,0.65,3000.0,40.0,-4.5,2745.4,28.7,11.6,28.7,28.7,858.5,375.2,858.5,858.5,38.9,5.5,5007276.426,0.00091,14.2,0.649
411.0,0.65,3000.0,40.0,-4.5,2748.5,28.7,11.6,28.7,28.7,858.5,375.2,858.5,858.5,38.8,5.5,4994176.281,0.00091,14.2,0.649
412.0,0.65,3000.0,40.0,-4.5,2742.9,28.7,11.5,28.7,28.7,858.5,375.2,858.5,858.5,38.7,5.5,4981326.435,0.00091,14.2,0.649
413.0,0.65,3000.0,40.0,-4.5,2735.5,28.7,11.5,28.7,28.7,858.5,375.2,858.5,858.5,38.7,5.5,4967832.798,0.0009,14.2,0.649
414.0,0.65,3000.0,40.0,-4.5,2754.3,28.7,11.4,28.7,28.7,858.5,375.2,858.5,858.5,38.6,5.5,4954788.523,0.00091,14.2,0.649
415.0,0.65,3000.0,40.0,-4.5,2758.5,28.7,11.4,28.7,28.7,858.5,375.2,858.5,858.5,38.6,5.5,4942790.437,0.00091,14.2,0.649
416.0,0.65,3000.0,40.0,-4.5,2765.9,28.7,11.3,28.7,28.7,858.5,375.2,858.5,858.5,38.5,5.5,4930986.875,0.00091,14.2,0.649
417.0,0.65,3000.0,40.0,-4.5,2782.5,28.7,11.3,28.7,28.7,858.5,375.2,858.5,858.5,38.5,5.5,4920017.466,0.00092,14.2,0.649
418.0,0.65,3000.0,40.0,-4.5,2795.5,28.7,11.3,28.7,28.7,858.5,375.2,858.5,858.5,38.4,5.5,4910002.264,0.00092,14.2,0.649
419.0,0.65,3000.0,40.0,-4.5,2802.9,28.7,11.2,28.7,28.7,858.5,375.2,858.5,858.5,38.4,5.5,4900355.493,0.00093,14.2,0.649
420.0,0.65,3000.0,40.0,-4.5,2803.5,28.7,11.2,28.7,28.7,858.5,375.2,858.5,858.5,38.3,5.5,4891392.108,0.00093,14.2,0.649
421.0,0.65,3000.0,40.0,-4.5,2805.7,28.7,11.1,28.7,28.7,858.5,375.2,858.5,858.5,38.3,5.5,4882547.658,0.00093,14.2,0.649
422.0,0.65,3000.0,40.0,-4.5,2810.2,28.7,11.1,28.7,28.7,858.5,375.2,858.5,858.5,38.3,5.5,4874012.051,0.00093,14.2,0.649
423.0,0.65,3000.0,40.0,-4.5,2806.2,28.7,11.1,28.7,28.7,858.5,375.2,858.5,858.5,38.2,5.5,4865676.649,0.00093,14.2,0.649
424.0,0.65,3000.0,40.0,-4.5,2798.8,28.8,11.1,28.8,28.8,858.5,375.2,858.5,858.5,38.2,5.5,4857069.976,0.00093,14.2,0.649
425.0,0.65,3000.0,40.0,-4.5,2772.6,28.8,11.0,28.8,28.8,858.5,375.2,858.5,858.5,38.1,5.5,4847421.236,0.00092,14.2,0.649
426.0,0.65,3000.0,40.0,-4.5,2784.9,28.8,11.0,28.8,28.8,858.5,375.2,858.5,858.5,38.1,5.5,4837797.662,0.00092,14.2,0.649
427.0,0.65,3000.0,40.0,-4.5,2780.7,28.8,11.0,28.8,28.8,858.5,375.2,858.5,858.5,38.1,5.5,4828682.496,0.00092,14.2,0.649
428.0,0.65,3000.0,40.0,-4.5,2789.2,28.8,11.0,28.8,28.8,858.5,375.2,858.5,858.5,38.0,5.5,4819402.893,0.00092,14.2,0.649
429.0,0.65,3000.0,40.0,-4.5,2788.0,28.9,11.0,28.9,28.9,858.5,375.2,858.5,858.5,38.0,5.5,4810719.789,0.00092,14.2,0.649
430.0,0.65,3000.0,40.0,-4.5,2789.5,28.9,11.0,28.9,28.9,858.5,375.2,858.5,858.5,37.9,5.5,4802164.769,0.00092,14.2,0.649
431.0,0.65,3000.0,40.0,-4.5,2784.0,28.9,11.0,28.9,28.9,858.5,375.2,858.5,858.5,37.9,5.5,4793765.964,0.00092,14.2,0.649
432.0,0.65,3000.0,40.0,-4.5,2774.7,29.0,10.9,29.0,29.0,858.5,375.2,858.5,858.5,37.9,5.5,4784699.679,0.00092,14.2,0.649
433.0,0.65,3000.0,40.0,-4.5,2787.0,29.0,10.9,29.0,29.0,858.5,375.2,858.5,858.5,37.8,5.5,4775859.797,0.00092,14.2,0.649
434.0,0.65,3000.0,40.0,-4.5,2786.7,29.1,10.9,29.1,29.1,858.5,375.2,858.5,858.5,37.8,5.5,4767241.597,0.00092,14.2,0.649
435.0,0.65,3000.0,40.0,-4.5,2779.3,29.1,10.9,29.1,29.1,858.5,375.2,858.5,858.5,37.8,5.5,4759118.297,0.00092,14.2,0.649
436.0,0.65,3000.0,40.0,-4.5,2783.1,29.1,10.9,29.1,29.1,858.5,375.2,858.5,858.5,37.7,5.5,4750391.251,0.00092,14.2,0.649
437.0,0.65,3000.0,40.0,-4.5,2783.3,29.2,10.9,29.2,29.2,858.5,375.2,858.5,858.5,37.7,5.5,4741918.748,0.00092,14.2,0.649
438.0,0.65,3000.0,40.0,-4.5,2776.2,29.2,10.9,29.2,29.2,858.5,375.2,858.5,858.5,37.6,5.5,4733685.659,0.00092,14.2,0.649
439.0,0.65,3000.0,40.0,-4.5,2782.4,29.3,10.9,29.3,29.3,858.5,375.2,858.5,858.5,37.6,5.5,4725414.018,0.00092,14.2,0.649
440.0,0.65,3000.0,40.0,-4.5,2788.1,29.3,10.9,29.3,29.3,858.5,375.2,858.5,858.5,37.6,5.5,4717480.763,0.00092,14.2,0.649
441.0,0.65,3000.0,40.0,-4.5,2807.1,29.4,11.0,29.4,29.4,858.5,375.2,858.5,858.5,37.5,5.5,4710305.144,0.00093,14.2,0.649
442.0,0.65,3000.0,40.0,-4.5,2800.5,29.5,11.0,29.5,29.5,858.5,375.2,858.5,858.5,37.5,5.5,4703413.266,0.00093,14.2,0.649
443.0,0.65,3000.0,40.0,-4.5,2796.8,29.5,11.0,29.5,29.5,858.5,375.2,858.5,858.5,37.5,5.5,4696562.535,0.00092,14.2,0.649
444.0,0.65,3000.0,40.0,-4.5,2794.0,29.6,11.0,29.6,29.6,858.5,375.2,858.5,858.5,37.4,5.5,4689595.703,0.00092,14.2,0.649
445.0,0.65,3000.0,40.0,-4.5,2797.2,29.7,11.0,29.7,29.7,858.5,375.2,858.5,858.5,37.4,5.5,4682783.421,0.00093,14.2,0.649
446.0,0.65,3000.0,40.0,-4.5,2804.2,29.7,11.0,29.7,29.7,858.5,375.2,858.5,858.5,37.4,5.5,4675845.74,0.00093,14.2,0.649
447.0,0.65,3000.0,40.0,-4.5,2798.6,29.8,11.0,29.8,29.8,858.5,375.2,858.5,858.5,37.3,5.5,4669323.023,0.00093,14.2,0.649
448.0,0.65,3000.0,40.0,-4.5,2781.2,29.9,11.1,29.9,29.9,858.5,375.2,858.5,858.5,37.3,5.5,4662142.187,0.00092,14.2,0.649
449.0,0.65,3000.0,40.0,-4.5,2789.6,29.9,11.1,29.9,29.9,858.5,375.2,858.5,858.5,37.3,5.5,4655010.754,0.00092,14.2,0.649
450.0,0.65,3000.0,40.0,-4.5,2800.4,30.0,11.1,30.0,30.0,858.5,375.2,858.5,858.5,37.2,5.5,4648396.393,0.00093,14.2,0.649
451.0,0.65,3000.0,40.0,-4.5,2791.1,30.1,11.1,30.1,30.1,858.5,375.2,858.5,858.5,37.2,5.5,4641913.251,0.00092,14.2,0.649
452.0,0.65,3000.0,40.0,-4.5,2786.7,30.2,11.1,30.2,30.2,858.5,375.2,858.5,858.5,37.2,5.5,4635117.605,0.00092,14.2,0.649
453.0,0.65,3000.0,40.0,-4.5,2782.7,30.2,11.2,30.2,30.2,858.5,375.2,858.5,858.5,37.2,5.5,4628464.102,0.00092,14.2,0.649
454.0,0.65,3000.0,40.0,-4.5,2783.6,30.3,11.2,30.3,30.3,858.5,375.2,858.5,858.5,37.1,5.5,4621270.903,0.00092,14.2,0.649
455.0,0.65,3000.0,40.0,-4.5,2785.4,30.4,11.2,30.4,30.4,858.5,375.2,858.5,858.5,37.1,5.5,4614657.008,0.00092,14.2,0.649
456.0,0.65,3000.0,40.0,-4.5,2787.0,30.5,11.2,30.5,30.5,858.5,375.2,858.5,858.5,37.1,5.5,4608151.112,0.00092,14.2,0.649
457.0,0.65,3000.0,40.0,-4.5,2788.7,30.6,11.3,30.6,30.6,858.5,375.2,858.5,858.5,37.0,5.5,4601501.392,0.00092,14.2,0.649
458.0,0.65,3000.0,40.0,-4.5,2782.8,30.7,11.3,30.7,30.7,858.5,375.2,858.5,858.5,37.0,5.5,4595399.099,0.00092,14.2,0.649
459.0,0.65,3000.0,40.0,-4.5,2779.0,30.8,11.3,30.8,30.8,858.5,375.2,858.5,858.5,37.0,5.5,4588682.683,0.00092,14.2,0.649
460.0,0.65,3000.0,40.0,-4.5,2776.7,30.8,11.3,30.8,30.8,858.5,375.2,858.5,858.5,36.9,5.5,4582109.223,0.00092,14.2,0.649
461.0,0.65,3000.0,40.0,-4.5,2784.4,30.9,11.4,30.9,30.9,858.5,375.2,858.5,858.5,36.9,5.5,4575682.509,0.00092,14.2,0.649
462.0,0.65,3000.0,40.0,-4.5,2804.1,31.0,11.4,31.0,31.0,858.5,375.2,858.5,858.5,36.9,5.5,4569682.891,0.00093,14.2,0.649
463.0,0.65,3000.0,40.0,-4.5,2796.3,31.1,11.4,31.1,31.1,858.5,375.2,858.5,858.5,36.9,5.5,4564114.728,0.00092,14.2,0.649
464.0,0.65,3000.0,40.0,-4.5,2792.3,31.2,11.5,31.2,31.2,858.5,375.2,858.5,858.5,36.8,5.5,4558561.435,0.00092,14.2,0.649
465.0,0.65,3000.0,40.0,-4.5,2790.9,31.3,11.5,31.3,31.3,858.5,375.2,858.5,858.5,36.8,5.5,4552903.248,0.00092,14.2,0.649
466.0,0.65,3000.0,40.0,-4.5,2785.2,31.4,11.5,31.4,31.4,858.5,375.2,858.5,858.5,36.8,5.5,4547319.758,0.00092,14.2,0.649
467.0,0.65,3000.0,40.0,-4.5,2794.1,31.5,11.6,31.5,31.5,858.5,375.2,858.5,858.5,36.8,5.5,4541377.839,0.00092,14.2,0.649
468.0,0.65,3000.0,40.0,-4.5,2796.2,31.6,11.6,31.6,31.6,858.5,375.2,858.5,858.5,36.7,5.5,4536318.356,0.00092,14.2,0.649
469.0,0.65,3000.0,40.0,-4.5,2796.1,31.7,11.7,31.7,31.7,858.5,375.2,858.5,858.5,36.7,5.5,4531059.973,0.00092,14.2,0.649
470.0,0.65,3000.0,40.0,-4.5,2785.6,31.8,11.7,31.8,31.8,858.5,375.2,858.5,858.5,36.7,5.5,4525635.428,0.00092,14.2,0.649
471.0,0.65,3000.0,40.0,-4.5,2797.6,31.9,11.7,31.9,31.9,858.5,375.2,858.5,858.5,36.7,5.5,4519986.111,0.00093,14.2,0.649
472.0,0.65,3000.0,40.0,-4.5,2788.2,32.0,11.8,32.0,32.0,858.5,375.2,858.5,858.5,36.6,5.5,4514102.872,0.00092,14.2,0.649
473.0,0.65,3000.0,40.0,-4.5,2797.0,32.1,11.8,32.1,32.1,858.5,375.2,858.5,858.5,36.6,5.5,4509064.244,0.00093,14.2,0.649
474.0,0.65,3000.0,40.0,-4.5,2788.0,32.2,11.8,32.2,32.2,858.5,375.2,858.5,858.5,36.6,5.5,4504077.736,0.00092,14.2,0.649
475.0,0.65,3000.0,40.0,-4.5,2782.9,32.3,11.9,32.3,32.3,858.5,375.2,858.5,858.5,36.6,5.5,4499078.471,0.00092,14.2,0.649
476.0,0.65,3000.0,40.0,-4.5,2758.4,32.4,11.9,32.4,32.4,858.5,375.2,858.5,858.5,36.5,5.5,4493363.687,0.00091,14.2,0.649
477.0,0.65,3000.0,40.0,-4.5,2749.4,32.5,12.0,32.5,32.5,858.5,375.2,858.5,858.5,36.5,5.5,4486799.829,0.00091,14.2,0.649
478.0,0.65,3000.0,40.0,-4.5,2749.2,32.6,12.0,32.6,32.6,858.5,375.2,858.5,858.5,36.5,5.5,4479988.676,0.00091,14.2,0.649
479.0,0.65,3000.0,40.0,-4.5,2740.2,32.7,12.1,32.7,32.7,858.5,375.2,858.5,858.5,36.4,5.5,4473096.698,0.00091,14.2,0.649
480.0,0.65,3000.0,40.0,-4.5,2748.9,32.8,12.1,32.8,32.8,858.5,375.2,858.5,858.5,36.4,5.5,4466223.912,0.00091,14.2,0.649
481.0,0.646,2975.0,40.0,-4.3,2744.6,32.9,12.1,32.9,32.9,858.0,375.1,858.0,858.0,36.4,5.5,4459859.349,0.0009,14.2,0.649
482.0,0.642,2950.0,40.0,-4.2,2737.4,33.0,12.2,33.0,33.0,857.5,375.0,857.5,857.5,36.3,5.5,4453414.57,0.00089,14.2,0.649
483.0,0.638,2925.0,40.0,-4.0,2740.0,33.1,12.2,33.1,33.1,857.1,374.9,857.1,857.1,36.3,5.5,4447396.001,0.00089,14.2,0.649
484.0,0.633,2900.0,40.0,-3.9,2736.2,33.2,12.3,33.2,33.2,856.6,374.7,856.6,856.6,36.3,5.5,4442023.189,0.00088,14.2,0.649
485.0,0.629,2875.0,40.0,-3.7,2716.8,33.3,12.3,33.3,33.3,856.1,374.6,856.1,856.1,36.3,5.5,4436309.33,0.00087,14.2,0.649
486.0,0.625,2850.0,40.0,-3.5,2720.8,33.4,12.4,33.4,33.4,855.6,374.5,855.6,855.6,36.2,5.5,4430565.182,0.00087,14.2,0.649
487.0,0.621,2825.0,40.0,-3.4,2721.6,33.5,12.4,33.5,33.5,855.1,374.4,855.1,855.1,36.2,5.5,4425054.962,0.00086,14.2,0.649
488.0,0.617,2800.0,40.0,-3.2,2729.0,33.6,12.5,33.6,33.6,854.6,374.2,854.6,854.6,36.2,5.5,4420306.024,0.00086,14.2,0.649
489.0,0.613,2775.0,40.0,-3.0,2728.4,33.7,12.5,33.7,33.7,854.1,374.1,854.1,854.1,36.2,5.5,4415996.825,0.00085,14.2,0.649
490.0,0.608,2750.0,40.0,-2.9,2723.2,33.8,12.6,33.8,33.8,853.6,374.0,853.6,853.6,36.1,5.5,4412126.615,0.00085,14.2,0.649
491.0,0.604,2725.0,40.0,-2.7,2719.7,33.9,12.7,33.9,33.9,853.0,373.8,853.0,853.0,36.1,5.5,4408588.371,0.00084,14.2,0.649
492.0,0.6,2700.0,40.0,-2.6,2697.4,34.0,12.7,34.0,34.0,852.5,373.7,852.5,852.5,36.1,5.5,4404543.933,0.00083,14.2,0.649
493.0,0.596,2675.0,40.0,-2.4,2700.7,34.1,12.8,34.1,34.1,852.4,373.7,852.4,852.4,36.1,5.5,4400596.077,0.00083,14.2,0.649
494.0,0.592,2650.0,40.0,-2.2,2700.1,34.2,12.8,34.2,34.2,852.4,373.8,852.4,852.4,36.1,5.5,4396806.685,0.00082,14.2,0.649
495.0,0.588,2625.0,40.0,-2.1,2696.1,34.3,12.9,34.3,34.3,852.3,373.9,852.3,852.3,36.1,5.5,4393688.842,0.00082,14.2,0.649
496.0,0.583,2600.0,40.0,-1.9,2695.4,34.3,13.0,34.3,34.3,852.3,373.9,852.3,852.3,36.0,5.5,4390652.794,0.00081,14.2,0.649
497.0,0.579,2575.0,40.0,-1.7,2676.6,34.4,13.0,34.4,34.4,852.2,374.0,852.2,852.2,36.0,5.5,4387528.407,0.0008,14.2,0.649
498.0,0.575,2550.0,40.0,-1.6,2673.0,34.5,13.1,34.5,34.5,852.1,374.1,852.1,852.1,36.0,5.5,4384436.314,0.0008,14.2,0.649
499.0,0.571,2525.0,40.0,-1.4,2674.7,34.6,13.2,34.6,34.6,852.1,374.1,852.1,852.1,36.0,5.5,4381180.387,0.00079,14.2,0.649
500.0,0.567,2500.0,40.0,-1.2,2658.7,34.7,13.2,34.7,34.7,852.0,374.2,852.0,852.0,36.0,5.5,4378298.244,0.00078,14.2,0.649
501.0,0.562,2475.0,40.0,-1.1,2664.8,34.8,13.3,34.8,34.8,852.0,374.3,852.0,852.0,36.0,5.5,4375335.208,0.00078,14.2,0.649
502.0,0.558,2450.0,40.0,-0.9,2655.7,34.8,13.4,34.8,34.8,851.9,374.3,851.9,851.9,36.0,5.5,4373150.774,0.00077,14.2,0.649
503.0,0.554,2425.0,40.0,-0.8,2649.6,34.9,13.4,34.9,34.9,851.8,374.4,851.8,851.8,35.9,5.5,4370519.357,0.00077,14.2,0.649
504.0,0.55,2400.0,40.0,-0.6,2628.8,35.0,13.5,35.0,35.0,851.8,374.4,851.8,851.8,35.9,5.5,4368011.384,0.00076,14.2,0.649
505.0,0.546,2375.0,40.0,-0.4,2623.2,35.1,13.6,35.1,35.1,851.7,374.5,851.7,851.7,35.9,5.5,4365010.233,0.00075,14.2,0.649
506.0,0.542,2350.0,40.0,-0.3,2620.7,35.2,13.7,35.2,35.2,851.6,374.6,851.6,851.6,35.9,5.5,4362276.954,0.00074,14.2,0.649
507.0,0.537,2325.0,40.0,-0.1,2611.4,35.2,13.7,35.2,35.2,851.6,374.6,851.6,851.6,35.9,5.5,4359755.347,0.00074,14.2,0.649
508.0,0.533,2300.0,40.0,0.1,2596.4,35.3,13.8,35.3,35.3,851.5,374.7,851.5,851.5,35.9,5.5,4357137.898,0.00073,14.2,0.649
509.0,0.529,2275.0,40.0,0.2,2578.4,35.4,13.9,35.4,35.4,851.4,374.7,851.4,851.4,35.9,5.5,4353962.167,0.00072,14.2,0.649
510.0,0.525,2250.0,40.0,0.4,2569.4,35.4,14.0,35.4,35.4,851.4,374.8,851.4,851.4,35.8,5.5,4350586.423,0.00071,14.2,0.649
511.0,0.521,2225.0,40.0,0.5,2558.7,35.5,14.0,35.5,35.5,851.3,374.9,851.3,851.3,35.8,5.5,4347064.948,0.00071,14.2,0.649
512.0,0.517,2200.0,40.0,0.7,2550.2,35.6,14.1,35.6,35.6,851.2,374.9,851.2,851.2,35.8,5.5,4343549.458,0.0007,14.2,0.649
513.0,0.512,2175.0,40.0,0.9,2541.3,35.6,14.2,35.6,35.6,851.1,375.0,851.1,851.1,35.8,5.5,4340115.087,0.00069,14.2,0.649
514.0,0.508,2150.0,40.0,1.0,2531.3,35.7,14.2,35.7,35.7,851.1,375.0,851.1,851.1,35.8,5.5,4336650.59,0.00068,14.2,0.649
515.0,0.504,2125.0,40.0,1.2,2529.0,35.7,14.3,35.7,35.7,851.0,375.1,851.0,851.0,35.8,5.5,4332979.239,0.00068,14.2,0.649
516.0,0.5,2100.0,40.0,1.4,2527.5,35.8,14.4,35.8,35.8,850.9,375.2,850.9,850.9,35.8,5.5,4329947.667,0.00068,14.2,0.649
517.0,0.496,2075.0,40.0,1.5,2520.5,35.8,14.4,35.8,35.8,850.9,375.2,850.9,850.9,35.7,5.5,4326927.792,0.00067,14.2,0.649
518.0,0.492,2050.0,40.0,1.7,2521.2,35.8,14.5,35.8,35.8,850.8,375.3,850.8,850.8,35.7,5.5,4324086.068,0.00067,14.2,0.649
519.0,0.488,2025.0,40.0,1.8,2512.6,35.9,14.6,35.9,35.9,850.7,375.3,850.7,850.7,35.7,5.5,4321619.122,0.00066,14.2,0.649
520.0,0.483,2000.0,40.0,2.0,2504.3,35.9,14.6,35.9,35.9,850.6,375.4,850.6,850.6,35.7,5.5,4319052.242,0.00065,14.2,0.649
521.0,0.479,1975.0,40.0,2.2,2499.3,35.9,14.7,35.9,35.9,850.6,375.5,850.6,850.6,35.7,5.5,4316467.861,0.00065,14.2,0.649
522.0,0.475,1950.0,40.0,2.3,2486.6,36.0,14.8,36.0,36.0,850.5,375.5,850.5,850.5,35.7,5.5,4313950.806,0.00064,14.2,0.649
523.0,0.471,1925.0,40.0,2.5,2493.6,36.0,14.8,36.0,36.0,850.4,375.6,850.4,850.4,35.7,5.5,4311651.251,0.00064,14.2,0.649
524.0,0.467,1900.0,40.0,2.6,2485.9,36.0,14.9,36.0,36.0,850.3,375.6,850.3,850.3,35.7,5.5,4309473.469,0.00063,14.2,0.649
525.0,0.463,1875.0,40.0,2.8,2476.4,36.0,15.0,36.0,36.0,850.2,375.7,850.2,850.2,35.6,5.5,4307504.649,0.00062,14.2,0.649
526.0,0.458,1850.0,40.0,3.0,2460.2,36.0,15.0,36.0,36.0,850.2,375.7,850.2,850.2,35.6,5.5,4305350.537,0.00062,14.2,0.649
527.0,0.454,1825.0,40.0,3.1,2448.1,36.0,15.1,36.0,36.0,850.1,375.8,850.1,850.1,35.6,5.5,4302947.407,0.00061,14.2,0.649
528.0,0.45,1800.0,40.0,3.3,2440.8,36.0,15.1,36.0,36.0,850.0,375.8,850.0,850.0,35.6,5.5,4300282.292,0.0006,14.2,0.649
529.0,0.446,1775.0,40.0,3.5,2432.4,36.0,15.2,36.0,36.0,849.9,375.9,849.9,849.9,35.6,5.5,4297770.577,0.0006,14.2,0.649
530.0,0.442,1750.0,40.0,3.6,2425.8,36.0,15.3,36.0,36.0,849.8,376.0,849.8,849.8,35.6,5.5,4295210.509,0.00059,14.2,0.649
531.0,0.438,1725.0,40.0,3.8,2406.4,36.0,15.3,36.0,36.0,849.8,376.0,849.8,849.8,35.6,5.5,4292687.87,0.00058,14.2,0.649
532.0,0.433,1700.0,40.0,3.9,2392.9,36.0,15.4,36.0,36.0,849.7,376.1,849.7,849.7,35.6,5.5,4289711.695,0.00058,14.2,0.649
533.0,0.429,1675.0,40.0,4.1,2382.1,36.0,15.4,36.0,36.0,849.6,376.1,849.6,849.6,35.5,5.5,4286585.466,0.00057,14.2,0.649
534.0,0.425,1650.0,40.0,4.3,2374.8,36.0,15.5,36.0,36.0,849.5,376.2,849.5,849.5,35.5,5.5,4283346.549,0.00056,14.2,0.649
535.0,0.421,1625.0,40.0,4.4,2364.6,36.0,15.5,36.0,36.0,849.4,376.2,849.4,849.4,35.5,5.5,4280275.802,0.00056,14.2,0.649
536.0,0.417,1600.0,40.0,4.6,2366.4,36.0,15.6,36.0,36.0,849.3,376.3,849.3,849.3,35.5,5.5,4277285.04,0.00055,14.2,0.649
537.0,0.413,1575.0,40.0,4.8,2350.2,35.9,15.6,35.9,35.9,849.2,376.3,849.2,849.2,35.5,5.5,4274440.567,0.00055,14.2,0.649
538.0,0.408,1550.0,40.0,4.9,2336.9,35.9,15.7,35.9,35.9,849.2,376.4,849.2,849.2,35.5,5.5,4271335.636,0.00054,14.2,0.649
539.0,0.404,1525.0,40.0,5.1,2331.4,35.9,15.7,35.9,35.9,849.1,376.4,849.1,849.1,35.5,5.5,4268025.12,0.00053,14.2,0.649
540.0,0.4,1500.0,40.0,5.2,2326.7,35.9,15.8,35.9,35.9,849.0,376.5,849.0,849.0,35.4,5.5,4265057.842,0.00053,14.2,0.649
541.0,0.396,1475.0,40.0,5.4,2317.3,35.8,15.8,35.8,35.8,848.9,376.5,848.9,848.9,35.4,5.5,4262069.227,0.00052,14.2,0.649
542.0,0.392,1450.0,40.0,5.6,2305.7,35.8,15.9,35.8,35.8,848.8,376.6,848.8,848.8,35.4,5.5,4259217.071,0.00052,14.2,0.649
543.0,0.388,1425.0,40.0,5.7,2283.5,35.8,15.9,35.8,35.8,848.7,376.6,848.7,848.7,35.4,5.5,4255897.317,0.00051,14.2,0.649
544.0,0.383,1400.0,40.0,5.9,2273.6,35.7,16.0,35.7,35.7,848.6,376.7,848.6,848.6,35.4,5.5,4252240.686,0.0005,14.2,0.649
545.0,0.379,1375.0,40.0,6.1,2260.4,35.7,16.0,35.7,35.7,848.5,376.7,848.5,848.5,35.4,5.5,4248584.847,0.00049,14.2,0.649
546.0,0.375,1350.0,40.0,6.2,2248.5,35.6,16.1,35.6,35.6,848.4,376.8,848.4,848.4,35.3,5.5,4244655.564,0.00049,14.2,0.649
547.0,0.371,1325.0,40.0,6.4,2242.5,35.6,16.1,35.6,35.6,848.3,376.8,848.3,848.3,35.3,5.5,4241003.688,0.00048,14.2,0.649
548.0,0.367,1300.0,40.0,6.6,2225.3,35.6,16.2,35.6,35.6,848.2,376.9,848.2,848.2,35.3,5.5,4237074.221,0.00048,14.2,0.649
549.0,0.363,1275.0,40.0,6.7,2212.6,35.5,16.2,35.5,35.5,848.1,376.9,848.1,848.1,35.3,5.5,4233012.05,0.00047,14.2,0.649
550.0,0.358,1250.0,40.0,6.9,2218.6,35.5,16.3,35.5,35.5,848.0,377.0,848.0,848.0,35.3,5.5,4229025.365,0.00047,14.2,0.649
551.0,0.354,1225.0,40.0,7.0,2212.0,35.4,16.3,35.4,35.4,848.0,377.0,848.0,848.0,35.2,5.5,4225664.439,0.00046,14.2,0.649
552.0,0.35,1200.0,40.0,7.2,2203.9,35.4,16.4,35.4,35.4,847.9,377.1,847.9,847.9,35.2,5.5,4222166.773,0.00046,14.2,0.649
553.0,0.346,1175.0,40.0,7.4,2194.2,35.3,16.4,35.3,35.3,847.8,377.1,847.8,847.8,35.2,5.5,4218754.983,0.00045,14.2,0.649
554.0,0.342,1150.0,40.0,7.5,2182.9,35.3,16.5,35.3,35.3,847.7,377.2,847.7,847.7,35.2,5.5,4215295.183,0.00044,14.2,0.649
555.0,0.338,1125.0,40.0,7.7,2170.4,35.2,16.5,35.2,35.2,847.6,377.2,847.6,847.6,35.2,5.5,4211691.728,0.00044,14.2,0.649
556.0,0.333,1100.0,40.0,7.9,2153.8,35.1,16.6,35.1,35.1,847.5,377.3,847.5,847.5,35.2,5.5,4207976.048,0.00043,14.2,0.649
557.0,0.329,1075.0,40.0,8.0,2145.6,35.1,16.6,35.1,35.1,847.4,377.3,847.4,847.4,35.1,5.5,4204078.793,0.00043,14.2,0.649
558.0,0.325,1050.0,40.0,8.2,2142.4,35.0,16.7,35.0,35.0,847.3,377.4,847.3,847.3,35.1,5.5,4200249.165,0.00042,14.2,0.649
559.0,0.321,1025.0,40.0,8.3,2128.1,35.0,16.7,35.0,35.0,847.2,377.4,847.2,847.2,35.1,5.5,4196569.996,0.00042,14.2,0.649
560.0,0.317,1000.0,40.0,8.5,2113.6,34.9,16.8,34.9,34.9,847.1,377.5,847.1,847.1,35.1,5.5,4192567.049,0.00041,14.2,0.649
561.0,0.312,975.0,40.0,8.7,2108.4,34.9,16.8,34.9,34.9,847.0,377.5,847.0,847.0,35.1,5.5,4188688.286,0.00041,14.2,0.649
562.0,0.308,950.0,40.0,8.8,2098.5,34.8,16.8,34.8,34.8,846.9,377.6,846.9,846.9,35.0,5.5,4184858.805,0.0004,14.2,0.649
563.0,0.304,925.0,40.0,9.0,2097.0,34.7,16.9,34.7,34.7,846.8,377.6,846.8,846.8,35.0,5.5,4181111.625,0.0004,14.2,0.649
564.0,0.3,900.0,40.0,9.1,2086.7,34.7,16.9,34.7,34.7,846.7,377.7,846.7,846.7,35.0,5.5,4177708.008,0.00039,14.2,0.649
565.0,0.296,875.0,40.0,9.3,2068.6,34.6,17.0,34.6,34.6,846.5,377.7,846.5,846.5,35.0,5.5,4173953.603,0.00038,14.2,0.649
566.0,0.292,850.0,40.0,9.5,2056.7,34.5,17.0,34.5,34.5,846.4,377.7,846.4,846.4,35.0,5.5,4170091.844,0.00038,14.2,0.649
567.0,0.288,825.0,40.0,9.6,2043.9,34.5,17.1,34.5,34.5,846.3,377.8,846.3,846.3,35.0,5.5,4166151.656,0.00037,14.2,0.649
568.0,0.283,800.0,40.0,9.8,2028.4,34.4,17.1,34.4,34.4,846.2,377.8,846.2,846.2,34.9,5.5,4162058.554,0.00037,14.2,0.649
569.0,0.279,775.0,40.0,10.0,2022.7,34.4,17.2,34.4,34.4,846.1,377.9,846.1,846.1,34.9,5.5,4157945.24,0.00036,14.2,0.649
570.0,0.275,750.0,40.0,10.1,2016.1,34.3,17.2,34.3,34.3,846.0,377.9,846.0,846.0,34.9,5.5,4153830.528,0.00036,14.2,0.649
571.0,0.271,725.0,40.0,10.3,2009.7,34.2,17.3,34.2,34.2,845.9,378.0,845.9,845.9,34.9,5.5,4150110.401,0.00035,14.2,0.649
572.0,0.267,700.0,40.0,10.4,1994.3,34.2,17.3,34.2,34.2,845.8,378.0,845.8,845.8,34.9,5.5,4146179.309,0.00035,14.2,0.649
573.0,0.263,675.0,40.0,10.6,1986.8,34.1,17.3,34.1,34.1,845.7,378.0,845.7,845.7,34.8,5.5,4142207.186,0.00034,14.2,0.649
574.0,0.258,650.0,40.0,10.8,1979.4,34.0,17.4,34.0,34.0,845.6,378.1,845.6,845.6,34.8,5.5,4138376.204,0.00034,14.2,0.649
575.0,0.254,625.0,40.0,10.9,1975.9,33.9,17.4,33.9,33.9,845.5,378.1,845.5,845.5,34.8,5.5,4134576.933,0.00034,14.2,0.649
576.0,0.25,600.0,40.0,11.1,1972.8,33.9,17.5,33.9,33.9,845.4,378.2,845.4,845.4,34.8,5.5,4128259.881,0.00033,14.2,0.649
577.0,0.246,575.0,40.0,11.3,1973.5,33.8,17.5,33.8,33.8,845.2,378.2,845.2,845.2,34.8,5.5,4127810.72,0.00033,14.2,0.649
578.0,0.242,550.0,40.0,11.4,1967.7,33.7,17.6,33.7,33.7,845.1,378.3,845.1,845.1,34.7,5.49,4117465.751,0.00032,14.2,0.649
579.0,0.238,525.0,40.0,11.6,1958.2,33.7,17.6,33.7,33.7,845.0,378.3,845.0,845.0,34.7,5.47,4097601.154,0.00032,14.2,0.649
580.0,0.233,500.0,40.0,11.8,1953.4,33.6,17.7,33.6,33.6,844.9,378.3,844.9,844.9,34.7,5.46,4087694.536,0.00032,14.2,0.649
581.0,0.229,475.0,40.0,11.9,1938.4,33.6,17.7,33.6,33.6,844.8,378.4,844.8,844.8,34.7,5.42,4056313.357,0.00031,14.2,0.649
582.0,0.225,450.0,40.0,12.1,1925.6,33.5,17.8,33.5,33.5,844.7,378.4,844.7,844.7,34.7,5.39,4029477.986,0.00031,14.2,0.649
583.0,0.221,425.0,40.0,12.2,1920.4,33.4,17.8,33.4,33.4,844.6,378.5,844.6,844.6,34.7,5.38,4018524.14,0.0003,14.2,0.649
584.0,0.217,400.0,40.0,12.4,1915.4,33.4,17.9,33.4,33.4,844.5,378.5,844.5,844.5,34.7,5.37,4008201.133,0.0003,14.2,0.649
585.0,0.213,375.0,40.0,12.6,1907.6,33.3,17.9,33.3,33.3,844.3,378.5,844.3,844.3,34.6,5.35,3991713.582,0.00029,14.2,0.649
586.0,0.208,350.0,40.0,12.7,1895.5,33.2,18.0,33.2,33.2,844.2,378.6,844.2,844.2,34.6,5.32,3966500.292,0.00029,14.2,0.649
587.0,0.204,325.0,40.0,12.9,1885.4,33.2,18.0,33.2,33.2,844.1,378.6,844.1,844.1,34.6,5.29,3945365.285,0.00028,14.2,0.649
588.0,0.2,300.0,40.0,13.1,1875.5,33.1,18.1,33.1,33.1,844.0,378.7,844.0,844.0,34.6,5.27,3924558.223,0.00028,14.2,0.649
589.0,0.196,275.0,40.0,13.2,1864.6,33.0,18.1,33.0,33.0,843.9,378.7,843.9,843.9,34.6,5.24,3901885.72,0.00028,14.2,0.649
590.0,0.192,250.0,40.0,13.4,1855.0,33.0,18.2,33.0,33.0,843.8,378.7,843.8,843.8,34.6,5.22,3881710.933,0.00027,14.2,0.649
591.0,0.188,225.0,40.0,13.5,1845.1,32.9,18.2,32.9,32.9,843.6,378.8,843.6,843.6,34.6,5.19,3861002.538,0.00027,14.2,0.649
592.0,0.183,200.0,40.0,13.7,1829.5,32.8,18.3,32.8,32.8,843.5,378.8,843.5,843.5,34.6,5.15,3828287.094,0.00026,14.2,0.649
593.0,0.179,175.0,40.0,13.9,1812.9,32.8,18.3,32.8,32.8,843.4,378.9,843.4,843.4,34.5,5.11,3793538.714,0.00026,14.2,0.649
594.0,0.175,150.0,40.0,14.0,1797.3,32.7,18.4,32.7,32.7,843.3,378.9,843.3,843.3,34.5,5.07,3760986.454,0.00025,14.2,0.649
595.0,0.171,125.0,40.0,14.2,1786.5,32.6,18.4,32.6,32.6,843.2,378.9,843.2,843.2,34.5,5.04,3738458.438,0.00025,14.2,0.649
596.0,0.167,100.0,40.0,14.4,1771.6,32.6,18.5,32.6,32.6,843.0,379.0,843.0,843.0,34.5,5.0,3707100.437,0.00024,14.2,0.649
597.0,0.163,75.0,40.0,14.5,1762.1,32.5,18.5,32.5,32.5,842.9,379.0,842.9,842.9,34.5,4.98,3687245.484,0.00024,14.2,0.649
598.0,0.158,50.0,40.0,14.7,1753.1,32.4,18.6,32.4,32.4,842.8,379.0,842.8,842.8,34.5,4.96,3668558.968,0.00024,14.2,0.649
599.0,0.154,25.0,40.0,14.8,1738.3,32.4,18.6,32.4,32.4,842.7,379.1,842.7,842.7,34.4,4.92,3637416.004,0.00023,14.2,0.649
600.0,0.15,0.0,40.0,15.0,1727.2,32.3,18.7,32.3,32.3,842.5,379.1,842.5,842.5,34.4,4.89,3614318.906,0.00023,14.2,0.649
601.0,0.15,0.0,40.0,15.0,1717.5,32.2,18.7,32.2,32.2,842.5,379.1,842.5,842.5,34.4,4.87,3594024.568,0.00023,14.2,0.649
602.0,0.15,0.0,40.0,15.0,1713.5,32.2,18.8,32.2,32.2,842.5,379.1,842.5,842.5,34.4,4.86,3585572.843,0.00022,14.2,0.649
603.0,0.15,0.0,40.0,15.0,1700.9,32.1,18.8,32.1,32.1,842.5,379.1,842.5,842.5,34.4,4.83,3559184.901,0.00022,14.2,0.649
604.0,0.15,0.0,40.0,15.0,1690.6,32.0,18.8,32.0,32.0,842.5,379.1,842.5,842.5,34.4,4.81,3537665.852,0.00022,14.2,0.649
605.0,0.15,0.0,40.0,15.0,1685.1,32.0,18.9,32.0,32.0,842.5,379.1,842.5,842.5,34.3,4.8,3526107.472,0.00022,14.2,0.649
606.0,0.15,0.0,40.0,15.0,1671.7,31.9,18.9,31.9,31.9,842.5,379.1,842.5,842.5,34.3,4.76,3498091.196,0.00022,14.2,0.649
607.0,0.15,0.0,40.0,15.0,1661.0,31.8,19.0,31.8,31.8,842.5,379.1,842.5,842.5,34.3,4.74,3475786.657,0.00022,14.2,0.649
608.0,0.15,0.0,40.0,15.0,1660.4,31.8,19.0,31.8,31.8,842.5,379.1,842.5,842.5,34.3,4.74,3474557.71,0.00022,14.2,0.649
609.0,0.15,0.0,40.0,15.0,1658.9,31.7,19.0,31.7,31.7,842.5,379.1,842.5,842.5,34.2,4.75,3471449.461,0.00022,14.2,0.649
610.0,0.15,0.0,40.0,15.0,1654.4,31.7,19.1,31.7,31.7,842.5,379.1,842.5,842.5,34.2,4.74,3462034.04,0.00022,14.2,0.649
611.0,0.15,0.0,40.0,15.0,1651.4,31.6,19.1,31.6,31.6,842.5,379.1,842.5,842.5,34.2,4.74,3455622.134,0.00022,14.2,0.649
612.0,0.15,0.0,40.0,15.0,1647.9,31.5,19.2,31.5,31.5,842.5,379.1,842.5,842.5,34.2,4.73,3448345.253,0.00022,14.2,0.649
613.0,0.15,0.0,40.0,15.0,1642.5,31.5,19.2,31.5,31.5,842.5,379.1,842.5,842.5,34.1,4.72,3437137.957,0.00022,14.2,0.649
614.0,0.15,0.0,40.0,15.0,1644.1,31.4,19.2,31.4,31.4,842.5,379.1,842.5,842.5,34.1,4.73,3440375.265,0.00022,14.2,0.649
615.0,0.15,0.0,40.0,15.0,1642.6,31.4,19.3,31.4,31.4,842.5,379.1,842.5,842.5,34.1,4.73,3437276.583,0.00022,14.2,0.649
616.0,0.15,0.0,40.0,15.0,1638.6,31.3,19.3,31.3,31.3,842.5,379.1,842.5,842.5,34.1,4.73,3428832.874,0.00021,14.2,0.649
617.0,0.15,0.0,40.0,15.0,1633.5,31.2,19.3,31.2,31.2,842.5,379.1,842.5,842.5,34.0,4.72,3418230.677,0.00021,14.2,0.649
618.0,0.15,0.0,40.0,15.0,1630.6,31.2,19.4,31.2,31.2,842.5,379.1,842.5,842.5,34.0,4.72,3412114.306,0.00021,14.2,0.649
619.0,0.15,0.0,40.0,15.0,1627.8,31.1,19.4,31.1,31.1,842.5,379.1,842.5,842.5,34.0,4.72,3406301.283,0.00021,14.2,0.649
620.0,0.15,0.0,40.0,15.0,1626.7,31.1,19.4,31.1,31.1,842.5,379.1,842.5,842.5,34.0,4.72,3403904.687,0.00021,14.2,0.649
621.0,0.15,0.0,40.0,15.0,1622.6,31.0,19.4,31.0,31.0,842.5,379.1,842.5,842.5,33.9,4.71,3395424.541,0.00021,14.2,0.649
622.0,0.15,0.0,40.0,15.0,1616.1,31.0,19.5,31.0,31.0,842.5,379.1,842.5,842.5,33.9,4.7,3381764.738,0.00021,14.2,0.649
623.0,0.15,0.0,40.0,15.0,1606.8,30.9,19.5,30.9,30.9,842.5,379.1,842.5,842.5,33.9,4.68,3362421.464,0.00021,14.2,0.649
624.0,0.15,0.0,40.0,15.0,1603.6,30.9,19.5,30.9,30.9,842.5,379.1,842.5,842.5,33.8,4.68,3355615.535,0.00021,14.2,0.649
625.0,0.15,0.0,40.0,15.0,1602.2,30.8,19.5,30.8,30.8,842.5,379.1,842.5,842.5,33.8,4.68,3352622.297,0.00021,14.2,0.649
626.0,0.15,0.0,40.0,15.0,1594.5,30.8,19.6,30.8,30.8,842.5,379.1,842.5,842.5,33.8,4.66,3336547.842,0.00021,14.2,0.649
627.0,0.15,0.0,40.0,15.0,1598.2,30.7,19.6,30.7,30.7,842.5,379.1,842.5,842.5,33.8,4.68,3344391.385,0.00021,14.2,0.649
628.0,0.15,0.0,40.0,15.0,1597.3,30.7,19.6,30.7,30.7,842.5,379.1,842.5,842.5,33.7,4.69,3342429.666,0.00021,14.2,0.649
629.0,0.15,0.0,40.0,15.0,1600.4,30.6,19.6,30.6,30.6,842.5,379.1,842.5,842.5,33.7,4.7,3348974.049,0.00021,14.2,0.649
630.0,0.15,0.0,40.0,15.0,1608.0,30.6,19.7,30.6,30.6,842.5,379.1,842.5,842.5,33.7,4.73,3364763.876,0.00021,14.2,0.649
631.0,0.15,0.0,40.0,15.0,1606.5,30.5,19.7,30.5,30.5,842.5,379.1,842.5,842.5,33.6,4.73,3361694.835,0.00021,14.2,0.649
632.0,0.15,0.0,40.0,15.0,1601.4,30.5,19.7,30.5,30.5,842.5,379.1,842.5,842.5,33.6,4.72,3351032.917,0.00021,14.2,0.649
633.0,0.15,0.0,40.0,15.0,1598.2,30.5,19.7,30.5,30.5,842.5,379.1,842.5,842.5,33.6,4.72,3344298.921,0.00021,14.2,0.649
634.0,0.15,0.0,40.0,15.0,1595.9,30.4,19.8,30.4,30.4,842.5,379.1,842.5,842.5,33.6,4.72,3339536.448,0.00021,14.2,0.649
635.0,0.15,0.0,40.0,15.0,1597.2,30.4,19.8,30.4,30.4,842.5,379.1,842.5,842.5,33.5,4.73,3342204.626,0.00021,14.2,0.649
636.0,0.15,0.0,40.0,15.0,1599.5,30.3,19.8,30.3,30.3,842.5,379.1,842.5,842.5,33.5,4.74,3347111.581,0.00021,14.2,0.649
637.0,0.15,0.0,40.0,15.0,1600.6,30.3,19.8,30.3,30.3,842.5,379.1,842.5,842.5,33.5,4.75,3349292.302,0.00021,14.2,0.649
638.0,0.15,0.0,40.0,15.0,1606.4,30.3,19.8,30.3,30.3,842.5,379.1,842.5,842.5,33.5,4.77,3361462.318,0.00021,14.2,0.649
639.0,0.15,0.0,40.0,15.0,1605.1,30.2,19.9,30.2,30.2,842.5,379.1,842.5,842.5,33.4,4.78,3358812.904,0.00021,14.2,0.649
640.0,0.15,0.0,40.0,15.0,1609.1,30.2,19.9,30.2,30.2,842.5,379.1,842.5,842.5,33.4,4.79,3367152.471,0.00021,14.2,0.649
641.0,0.15,0.0,40.0,15.0,1611.2,30.1,19.9,30.1,30.1,842.5,379.1,842.5,842.5,33.4,4.8,3371501.476,0.00021,14.2,0.649
642.0,0.15,0.0,40.0,15.0,1603.6,30.1,19.9,30.1,30.1,842.5,379.1,842.5,842.5,33.4,4.79,3355607.125,0.00021,14.2,0.649
643.0,0.15,0.0,40.0,15.0,1599.4,30.1,19.9,30.1,30.1,842.5,379.1,842.5,842.5,33.3,4.78,3346936.243,0.00021,14.2,0.649
644.0,0.15,0.0,40.0,15.0,1598.9,30.0,19.9,30.0,30.0,842.5,379.1,842.5,842.5,33.3,4.79,3345798.839,0.00021,14.2,0.649
645.0,0.15,0.0,40.0,15.0,1591.3,30.0,20.0,30.0,30.0,842.5,379.1,842.5,842.5,33.3,4.77,3329848.421,0.00021,14.2,0.649
646.0,0.15,0.0,40.0,15.0,1587.5,30.0,20.0,30.0,30.0,842.5,379.1,842.5,842.5,33.3,4.76,3321885.078,0.00021,14.2,0.649
647.0,0.15,0.0,40.0,15.0,1585.8,29.9,20.0,29.9,29.9,842.5,379.1,842.5,842.5,33.3,4.76,3318435.965,0.00021,14.2,0.649
648.0,0.15,0.0,40.0,15.0,1578.3,29.9,20.0,29.9,29.9,842.5,379.1,842.5,842.5,33.2,4.75,3302743.063,0.00021,14.2,0.649
649.0,0.15,0.0,40.0,15.0,1579.2,29.9,20.0,29.9,29.9,842.5,379.1,842.5,842.5,33.2,4.76,3304682.05,0.00021,14.2,0.649
650.0,0.15,0.0,40.0,15.0,1573.9,29.8,20.0,29.8,29.8,842.5,379.1,842.5,842.5,33.2,4.75,3293432.437,0.00021,14.2,0.649
651.0,0.15,0.0,40.0,15.0,1566.8,29.8,20.1,29.8,29.8,842.5,379.1,842.5,842.5,33.1,4.73,3278684.581,0.00021,14.2,0.649
652.0,0.15,0.0,40.0,15.0,1567.2,29.8,20.1,29.8,29.8,842.5,379.1,842.5,842.5,33.1,4.74,3279519.962,0.00021,14.2,0.649
653.0,0.15,0.0,40.0,15.0,1566.1,29.7,20.1,29.7,29.7,842.5,379.1,842.5,842.5,33.1,4.74,3277154.943,0.00021,14.2,0.649
654.0,0.15,0.0,40.0,15.0,1560.6,29.7,20.1,29.7,29.7,842.5,379.1,842.5,842.5,33.1,4.73,3265733.877,0.0002,14.2,0.649
655.0,0.15,0.0,40.0,15.0,1565.7,29.7,20.1,29.7,29.7,842.5,379.1,842.5,842.5,33.0,4.75,3276303.445,0.00021,14.2,0.649
656.0,0.15,0.0,40.0,15.0,1572.8,29.6,20.1,29.6,29.6,842.5,379.1,842.5,842.5,33.0,4.78,3291197.802,0.00021,14.2,0.649
657.0,0.15,0.0,40.0,15.0,1579.0,29.6,20.1,29.6,29.6,842.5,379.1,842.5,842.5,33.0,4.8,3304178.6,0.00021,14.2,0.649
658.0,0.15,0.0,40.0,15.0,1590.7,29.6,20.1,29.6,29.6,842.5,379.1,842.5,842.5,33.0,4.84,3328559.126,0.00021,14.2,0.649
659.0,0.15,0.0,40.0,15.0,1591.4,29.5,20.2,29.5,29.5,842.5,379.1,842.5,842.5,33.0,4.85,3330049.265,0.00021,14.2,0.649
660.0,0.15,0.0,40.0,15.0,1591.8,29.5,20.2,29.5,29.5,842.5,379.1,842.5,842.5,32.9,4.86,3330948.317,0.00021,14.2,0.649
661.0,0.15,0.0,40.0,15.0,1585.0,29.5,20.2,29.5,29.5,842.5,379.1,842.5,842.5,32.9,4.84,3316739.384,0.00021,14.2,0.649
662.0,0.15,0.0,40.0,15.0,1586.2,29.5,20.2,29.5,29.5,842.5,379.1,842.5,842.5,32.9,4.85,3319145.538,0.00021,14.2,0.649
663.0,0.15,0.0,40.0,15.0,1588.2,29.4,20.2,29.4,29.4,842.5,379.1,842.5,842.5,32.9,4.86,3323317.939,0.00021,14.2,0.649
664.0,0.15,0.0,40.0,15.0,1593.1,29.4,20.2,29.4,29.4,842.5,379.1,842.5,842.5,32.8,4.88,3333748.839,0.00021,14.2,0.649
665.0,0.15,0.0,40.0,15.0,1595.4,29.4,20.2,29.4,29.4,842.5,379.1,842.5,842.5,32.8,4.89,3338576.932,0.00021,14.2,0.649
666.0,0.15,0.0,40.0,15.0,1593.1,29.4,20.2,29.4,29.4,842.5,379.1,842.5,842.5,32.8,4.89,3333645.669,0.00021,14.2,0.649
667.0,0.15,0.0,40.0,15.0,1592.3,29.4,20.3,29.4,29.4,842.5,379.1,842.5,842.5,32.8,4.89,3331902.493,0.00021,14.2,0.649
668.0,0.15,0.0,40.0,15.0,1592.7,29.3,20.3,29.3,29.3,842.5,379.1,842.5,842.5,32.8,4.9,3332927.754,0.00021,14.2,0.649
669.0,0.15,0.0,40.0,15.0,1594.1,29.3,20.3,29.3,29.3,842.5,379.1,842.5,842.5,32.8,4.91,3335754.231,0.00021,14.2,0.649
670.0,0.15,0.0,40.0,15.0,1588.7,29.3,20.3,29.3,29.3,842.5,379.1,842.5,842.5,32.7,4.9,3324463.287,0.00021,14.2,0.649
671.0,0.15,0.0,40.0,15.0,1587.5,29.3,20.3,29.3,29.3,842.5,379.1,842.5,842.5,32.7,4.9,3321976.33,0.00021,14.2,0.649
672.0,0.15,0.0,40.0,15.0,1591.8,29.2,20.3,29.2,29.2,842.5,379.1,842.5,842.5,32.7,4.92,3331002.824,0.00021,14.2,0.649
673.0,0.15,0.0,40.0,15.0,1595.4,29.2,20.3,29.2,29.2,842.5,379.1,842.5,842.5,32.7,4.93,3338506.684,0.00021,14.2,0.649
674.0,0.15,0.0,40.0,15.0,1594.5,29.2,20.3,29.2,29.2,842.5,379.1,842.5,842.5,32.7,4.93,3336550.933,0.00021,14.2,0.649
675.0,0.15,0.0,40.0,15.0,1593.9,29.2,20.3,29.2,29.2,842.5,379.1,842.5,842.5,32.6,4.93,3335446.219,0.00021,14.2,0.649
676.0,0.15,0.0,40.0,15.0,1594.8,29.2,20.3,29.2,29.2,842.5,379.1,842.5,842.5,32.6,4.94,3337153.865,0.00021,14.2,0.649
677.0,0.15,0.0,40.0,15.0,1593.6,29.2,20.4,29.2,29.2,842.5,379.1,842.5,842.5,32.6,4.94,3334794.227,0.00021,14.2,0.649
678.0,0.15,0.0,40.0,15.0,1588.8,29.1,20.4,29.1,29.1,842.5,379.1,842.5,842.5,32.6,4.93,3324769.824,0.00021,14.2,0.649
679.0,0.15,0.0,40.0,15.0,1585.2,29.1,20.4,29.1,29.1,842.5,379.1,842.5,842.5,32.6,4.92,3317119.086,0.00021,14.2,0.649
680.0,0.15,0.0,40.0,15.0,1588.3,29.1,20.4,29.1,29.1,842.5,379.1,842.5,842.5,32.6,4.94,3323575.637,0.00021,14.2,0.649
681.0,0.15,0.0,40.0,15.0,1595.2,29.1,20.4,29.1,29.1,842.5,379.1,842.5,842.5,32.5,4.96,3338019.611,0.00021,14.2,0.649
682.0,0.15,0.0,40.0,15.0,1593.3,29.1,20.4,29.1,29.1,842.5,379.1,842.5,842.5,32.5,4.96,3334115.658,0.00021,14.2,0.649
683.0,0.15,0.0,40.0,15.0,1590.7,29.0,20.4,29.0,29.0,842.5,379.1,842.5,842.5,32.5,4.96,3328725.148,0.00021,14.2,0.649
684.0,0.15,0.0,40.0,15.0,1594.7,29.0,20.4,29.0,29.0,842.5,379.1,842.5,842.5,32.5,4.97,3337014.187,0.00021,14.2,0.649
685.0,0.15,0.0,40.0,15.0,1597.7,29.0,20.4,29.0,29.0,842.5,379.1,842.5,842.5,32.5,4.99,3343262.722,0.00021,14.2,0.649
686.0,0.15,0.0,40.0,15.0,1593.8,29.0,20.4,29.0,29.0,842.5,379.1,842.5,842.5,32.5,4.98,3335037.186,0.00021,14.2,0.649
687.0,0.15,0.0,40.0,15.0,1594.4,29.0,20.4,29.0,29.0,842.5,379.1,842.5,842.5,32.5,4.99,3336385.642,0.00021,14.2,0.649
688.0,0.15,0.0,40.0,15.0,1594.1,29.0,20.4,29.0,29.0,842.5,379.1,842.5,842.5,32.4,4.99,3335800.927,0.00021,14.2,0.649
689.0,0.15,0.0,40.0,15.0,1591.1,29.0,20.4,29.0,29.0,842.5,379.1,842.5,842.5,32.4,4.98,3329420.959,0.00021,14.2,0.649
690.0,0.15,0.0,40.0,15.0,1594.7,28.9,20.5,28.9,28.9,842.5,379.1,842.5,842.5,32.4,5.0,3336930.448,0.00021,14.2,0.649
691.0,0.15,0.0,40.0,15.0,1594.0,28.9,20.5,28.9,28.9,842.5,379.1,842.5,842.5,32.4,5.0,3335574.083,0.00021,14.2,0.649
692.0,0.15,0.0,40.0,15.0,1590.4,28.9,20.5,28.9,28.9,842.5,379.1,842.5,842.5,32.4,4.99,3327923.613,0.00021,14.2,0.649
693.0,0.15,0.0,40.0,15.0,1589.5,28.9,20.5,28.9,28.9,842.5,379.1,842.5,842.5,32.4,4.99,3326193.828,0.00021,14.2,0.649
694.0,0.15,0.0,40.0,15.0,1589.1,28.9,20.5,28.9,28.9,842.5,379.1,842.5,842.5,32.3,4.99,3325293.216,0.00021,14.2,0.649
695.0,0.15,0.0,40.0,15.0,1586.4,28.9,20.5,28.9,28.9,842.5,379.1,842.5,842.5,32.3,4.99,3319720.177,0.00021,14.2,0.649
696.0,0.15,0.0,40.0,15.0,1585.6,28.9,20.5,28.9,28.9,842.5,379.1,842.5,842.5,32.3,4.99,3318003.503,0.00021,14.2,0.649
697.0,0.15,0.0,40.0,15.0,1590.4,28.8,20.5,28.8,28.8,842.5,379.1,842.5,842.5,32.3,5.01,3328011.248,0.00021,14.2,0.649
698.0,0.15,0.0,40.0,15.0,1597.5,28.8,20.5,28.8,28.8,842.5,379.1,842.5,842.5,32.3,5.04,3342809.372,0.00021,14.2,0.649
699.0,0.15,0.0,40.0,15.0,1590.9,28.8,20.5,28.8,28.8,842.5,379.1,842.5,842.5,32.3,5.02,3329123.119,0.00021,14.2,0.649
700.0,0.15,0.0,40.0,15.0,1594.2,28.8,20.5,28.8,28.8,842.5,379.1,842.5,842.5,32.3,5.03,3335976.866,0.00021,14.2,0.649
701.0,0.15,0.0,40.0,15.0,1595.9,28.8,20.5,28.8,28.8,842.5,379.1,842.5,842.5,32.3,5.04,3339599.552,0.00021,14.2,0.649
702.0,0.15,0.0,40.0,15.0,1601.8,28.8,20.5,28.8,28.8,842.5,379.1,842.5,842.5,32.2,5.06,3351788.277,0.00021,14.2,0.649
703.0,0.15,0.0,40.0,15.0,1611.1,28.8,20.5,28.8,28.8,842.5,379.1,842.5,842.5,32.2,5.09,3371404.071,0.00021,14.2,0.649
704.0,0.15,0.0,40.0,15.0,1618.4,28.8,20.5,28.8,28.8,842.5,379.1,842.5,842.5,32.2,5.12,3386705.458,0.00021,14.2,0.649
705.0,0.15,0.0,40.0,15.0,1620.8,28.8,20.5,28.8,28.8,842.5,379.1,842.5,842.5,32.2,5.13,3391704.454,0.00021,14.2,0.649
706.0,0.15,0.0,40.0,15.0,1622.4,28.8,20.6,28.8,28.8,842.5,379.1,842.5,842.5,32.2,5.14,3394914.146,0.00021,14.2,0.649
707.0,0.15,0.0,40.0,15.0,1619.1,28.7,20.6,28.7,28.7,842.5,379.1,842.5,842.5,32.2,5.13,3388017.043,0.00021,14.2,0.649
708.0,0.15,0.0,40.0,15.0,1618.5,28.7,20.6,28.7,28.7,842.5,379.1,842.5,842.5,32.2,5.13,3386884.908,0.00021,14.2,0.649
709.0,0.15,0.0,40.0,15.0,1625.1,28.7,20.6,28.7,28.7,842.5,379.1,842.5,842.5,32.2,5.15,3400598.605,0.00021,14.2,0.649
710.0,0.15,0.0,40.0,15.0,1626.9,28.7,20.6,28.7,28.7,842.5,379.1,842.5,842.5,32.2,5.16,3404363.059,0.00021,14.2,0.649
711.0,0.15,0.0,40.0,15.0,1621.0,28.7,20.6,28.7,28.7,842.5,379.1,842.5,842.5,32.2,5.14,3392019.441,0.00021,14.2,0.649
712.0,0.15,0.0,40.0,15.0,1620.3,28.7,20.6,28.7,28.7,842.5,379.1,842.5,842.5,32.2,5.14,3390508.005,0.00021,14.2,0.649
713.0,0.15,0.0,40.0,15.0,1613.8,28.7,20.6,28.7,28.7,842.5,379.1,842.5,842.5,32.1,5.12,3377007.986,0.00021,14.2,0.649
714.0,0.15,0.0,40.0,15.0,1613.3,28.7,20.6,28.7,28.7,842.5,379.1,842.5,842.5,32.1,5.13,3375879.931,0.00021,14.2,0.649
715.0,0.15,0.0,40.0,15.0,1613.1,28.7,20.6,28.7,28.7,842.5,379.1,842.5,842.5,32.1,5.13,3375484.732,0.00021,14.2,0.649
716.0,0.15,0.0,40.0,15.0,1608.2,28.7,20.6,28.7,28.7,842.5,379.1,842.5,842.5,32.1,5.11,3365340.055,0.00021,14.2,0.649
717.0,0.15,0.0,40.0,15.0,1604.4,28.7,20.6,28.7,28.7,842.5,379.1,842.5,842.5,32.1,5.1,3357262.083,0.00021,14.2,0.649
718.0,0.15,0.0,40.0,15.0,1600.5,28.7,20.6,28.7,28.7,842.5,379.1,842.5,842.5,32.1,5.09,3349182.736,0.00021,14.2,0.649
719.0,0.15,0.0,40.0,15.0,1593.8,28.7,20.6,28.7,28.7,842.5,379.1,842.5,842.5,32.1,5.08,3335058.659,0.00021,14.2,0.649
720.0,0.15,0.0,40.0,15.0,1588.5,28.7,20.6,28.7,28.7,842.5,379.1,842.5,842.5,32.1,5.06,3324085.384,0.00021,14.2,0.649
